Код,Наименование,Категория,Махсулот,Размер,Ед изм,Модел булим
8814,FJ-6009-v3926,Американка-лафша,Чёрный лафша Американка женская,46-54,шт,Bahor - Yoz
8819,FJ-6009-v3928,Американка-лафша,Т-синий лафша американка,46-54,шт,Bahor - Yoz
8821,FJ-6009-v3925,Американка-лафша,Зелёный лафша американка,46-54,шт,Bahor - Yoz
8822,fj-6009-v3924,Американка-лафша,Коричневый лафша Американка,46-54,шт,Bahor - Yoz
6200,SJ-4026-v946,Анжелика,Роза голубой анжелика,44-54,шт,Bahor - Yoz
6203,SJ-4026-v945,Анжелика,Сердечка голубой анжелика,44-54,шт,Bahor - Yoz
6461,SJ-4029-v1186,Анжелика,Аклифай белый анжелика,46-56,шт,Bahor - Yoz
6647,SJ-4029-v1214,Анжелика,Зебра анжелика,44-54,шт,Bahor - Yoz
6781,SJ-4035-v1541,Анжелика,Роза молочный анжелика,44-54,шт,Bahor - Yoz
6782,sJ-4035-v1523,Анжелика,Роза белый анжелика,44-54,шт,Bahor - Yoz
6805,SJ-4035-v1539,Анжелика,Роза белый анжелика,44-54,шт,Bahor - Yoz
6811,SJ-4035-v1542,Анжелика,Розовый листь анжелика,44-54,шт,Bahor - Yoz
7000,sj-4028-v1828,Анжелика,Роза анжелика жаккард,44-52,шт,Bahor - Yoz
7073,SJ-4035-v1914,Анжелика,Молочный анжелика,44-52,шт,Bahor - Yoz
7188,sj-4035-v1954,Анжелика,Мини горох т-синий анжелика,44-54,шт,Bahor - Yoz
7191,SJ-4028-v2023,Анжелика,Роза кружева жаккард анжелика,44-52,шт,Bahor - Yoz
7195,SJ-4041-v1959,Анжелика,Кружева т-синий анжелика,44-54,шт,Bahor - Yoz
7362,SJ-4041-v2079,Анжелика,Чёрный анжелика,44-52,шт,Bahor - Yoz
7745,SJ-4035-v2695,Анжелика,Роза коричневый анжелика,44-54,шт,Bahor - Yoz
7774,SJ-4035-v1913,Анжелика,Роза анжелика,44-52,шт,Bahor - Yoz
7951,SJ-4035-v2691,Анжелика,Роза анжелика,44-54,шт,Bahor - Yoz
8112,SJ-4035-v3018,Анжелика,Роза анжелика,44-54,шт,Bahor - Yoz
8113,SJ-4035-v3049,Анжелика,Роза анжелика,44-52,шт,Bahor - Yoz
8277,SJ-4035-v3262,Анжелика,Роза зелёный анжелика,44-54,шт,Bahor - Yoz
8297,Sj-4035-v3318,Анжелика,Бантик супрем анжелика,44-54,шт,Bahor - Yoz
8192,Sj-4043-v3143,Анжелика-вискон,Зелённый вискон анжелика,44-54,шт,Bahor - Yoz
8230,SJ-4043-v3102,Анжелика-вискон,Розовый вискон анжелика,44-54,шт,Bahor - Yoz
8244,SJ-4043-v3090,Анжелика-вискон,Голйбой вискон анжелика,44-54,шт,Bahor - Yoz
8247,SJ-4043-v3081,Анжелика-вискон,Роза красный вискон анжелика,44-54,шт,Bahor - Yoz
8250,SJ-4043-v3174,Анжелика-вискон,Бордовый вискон анжелика,44-54,шт,Bahor - Yoz
8251,SJ-4043-v3085,Анжелика-вискон,Красный вискон анжелика,44-54,шт,Bahor - Yoz
8280,SJ-4043-v3136,Анжелика-вискон,Роза персик вискон анжелика,44-54,шт,Bahor - Yoz
8298,Sj-4043-v3094,Анжелика-вискон,Чёрный вискон анжелика,44-54,шт,Bahor - Yoz
8299,Sj-4043-v3170,Анжелика-вискон,Сердечка вискон анжелика,44-54,шт,Bahor - Yoz
8302,Sj-4043-v3073,Анжелика-вискон,Молочный вискон анжелика,44-54,шт,Bahor - Yoz
8369,SJ-4043-v3077,Анжелика-вискон,Тигр вискон анжелика,44-54,шт,Bahor - Yoz
8386,SJ-4043-v3378,Анжелика-вискон,Сердечка красный вискон анжелика,44-54,шт,Bahor - Yoz
8404,SJ-4043-v3356,Анжелика-вискон,Роза кружева вискон анжелика,44-54,шт,Bahor - Yoz
7068,SJ-4028-v1834,Анжелика-жаккард,Голубой жаккард анжелика,44-52,шт,Bahor - Yoz
7089,sj-4028-v1955,Анжелика-жаккард,Бабочка белый жаккард анжелика,44-54,шт,Bahor - Yoz
7132,sj-4028-v1985,Анжелика-жаккард,Роза голубой жаккард анжелика,44-54,шт,Bahor - Yoz
7133,SJ-4028-v1953,Анжелика-жаккард,Роза рзовый жаккард анжелика,44-54,шт,Bahor - Yoz
7225,sj-4028-v1837,Анжелика-жаккард,Розовый жаккард анжелика,44-52,шт,Bahor - Yoz
7739,SJ-4028-v2670,Анжелика-жаккард,Белый жаккард анжелика,44-54,шт,Bahor - Yoz
7740,SJ-4028-v2668,Анжелика-жаккард,Белый роза анжелика жаккард,44-54,шт,Bahor - Yoz
7741,SJ-4028-v2669,Анжелика-жаккард,Роза жаккард анжелика,44-54,шт,Bahor - Yoz
7742,SJ-4028-v2672,Анжелика-жаккард,Роза анжелика жаккард,44-54,шт,Bahor - Yoz
7743,SJ-4028-v2671,Анжелика-жаккард,Роза белый жаккард анжелика,44-54,шт,Bahor - Yoz
6494,SJ-4028-v1197,Анжелика-лафша,Лимон белый лафша анжелика,44-54,шт,Bahor - Yoz
6509,SJ-4028-v1196,Анжелика-лафша,Бабочка белый лафша анжелика,44-54,шт,Bahor - Yoz
6511,SJ-4028-v1252,Анжелика-лафша,Вишня белый лафша анжелика,44-54,шт,Bahor - Yoz
6512,SJ-4028-v1249,Анжелика-лафша,Мини горох белый лафша анжелика,44-54,шт,Bahor - Yoz
6546,SJ-4029-v1185,Анжелика-лафша,Роза белый анжелика,44-54,шт,Bahor - Yoz
7128,SJ-4028-v1958,Анжелика-лафша,Чёрный лафша анжелика,44-54,шт,Bahor - Yoz
8494,Sj-4028-v3617,Анжелика-лафша,Белый лапша анжелика,44-54,шт,Bahor - Yoz
8538,Sj-4028-v3677,Анжелика-лафша,Мята лапша анжелика,44-54,шт,Bahor - Yoz
8559,Sj-4028-v3676,Анжелика-лафша,Молочный с бантук лапша анжелика,44-54,шт,Bahor - Yoz
8564,Sj-4028-v3679,Анжелика-лафша,Белый с бантук лапша анжелика,44-54,шт,Bahor - Yoz
8582,Sj-4028-v3675,Анжелика-лафша,Молочный с бантук лапша анжелика,44-54,шт,Bahor - Yoz
8851,SJ-4028-v3678,Анжелика-лафша,Роза анжелика лафша,54-64,шт,Bahor - Yoz
8435,sJ-4052-v3523,Анжелика-муслин,Горох муслина анжелика,44-52,шт,Bahor - Yoz
8443,Sj-4052-v3513,Анжелика-муслин,Белый с сердечка муслин анжелика,44-52,шт,Bahor - Yoz
8447,Sj-4052-v3517,Анжелика-муслин,Белый муслин анжелика,44-52,шт,Bahor - Yoz
8458,Sj-4052-v3516,Анжелика-муслин,Розовый с бантук муслин анжелика,44-52,шт,Bahor - Yoz
8461,Sj-4052-v3511,Анжелика-муслин,Голубой муслин анжелика,44-52,шт,Bahor - Yoz
8462,Sj-4052-v3522,Анжелика-муслин,Белый с сердечка муслин анжелика,44-52,шт,Bahor - Yoz
8463,Sj-4052-v3514,Анжелика-муслин,Белый муслин анжелика,44-52,шт,Bahor - Yoz
8464,Sj-4052-v3518,Анжелика-муслин,Белый муслин анжелика,44-52,шт,Bahor - Yoz
8474,Sj-4052-v3521,Анжелика-муслин,Белый с сердечка муслин анжелика,44-52,шт,Bahor - Yoz
8476,Sj-4052-v3576,Анжелика-муслин,Белый Муслин анжелика,44-52,шт,Bahor - Yoz
8477,Sj-4052-v3577,Анжелика-муслин,Розовый Муслин анжелика,44-52,шт,Bahor - Yoz
8478,Sj-4052-v3515,Анжелика-муслин,Молочный с бантук муслин анжелика,44-52,шт,Bahor - Yoz
8479,Sj-4052-v3528,Анжелика-муслин,Белый муслин анжелика,44-52,шт,Bahor - Yoz
8488,Sj-4052-v3525,Анжелика-муслин,Молочный муслин анжелика,44-52,шт,Bahor - Yoz
8493,Sj-4052-v3510,Анжелика-муслин,Голубой с бантук муслин анжелика,44-52,шт,Bahor - Yoz
8495,Sj-4052-v3526,Анжелика-муслин,Молочный муслин анжелика,44-52,шт,Bahor - Yoz
8541,Sj-4053-v3623,Анжелика-муслин,Молочный с пуговица муслин анжелика,44-52,шт,Bahor - Yoz
8552,Sj-4053-v3625,Анжелика-муслин,Белый с пуговица муслин анжелика,44-52,шт,Bahor - Yoz
8562,Sj-4053-v3621,Анжелика-муслин,Молочный с пуговица муслин анжелика,44-52,шт,Bahor - Yoz
8577,Sj-4053-v3622,Анжелика-муслин,Белый с пуговица муслин анжелика,44-52,шт,Bahor - Yoz
8601,Sj-4053-v3624,Анжелика-муслин,Белый с пуговица муслин анжелика,44-52,шт,Bahor - Yoz
7728,TJ-2099-v2582,Бамбук туника,Мор бамбук туника,50-60,шт,Kuz - Qish
8070,Tj-2097-v3011,Бамбук туника,Чёрный бамбук туника,50-60,шт,Kuz - Qish
7257,KJ-13005-v2067,Бамбук-двойка-спортивка,Хаки замок полоса бамбук двойка,46-54,шт,Kuz - Qish
7287,KJ-13006-v2066,Бамбук-двойка-спортивка,BMW замок бамбук двойка,46-54,шт,Kuz - Qish
7297,KJ-13005-v2000,Бамбук-двойка-спортивка,Бордовый  поласа замок бамбук халат,46-54,шт,Kuz - Qish
7298,kj-13005-v1998,Бамбук-двойка-спортивка,Чёрный поласа замок бамбук халат,46-54,шт,Kuz - Qish
7455,KJ-13006-v2014,Бамбук-двойка-спортивка,BMW чёрный бамбук спортивка,46-54,шт,Kuz - Qish
7456,KJ-13007-v2017,Бамбук-двойка-спортивка,Хаки пуговица бамбук спортивка,44-52,шт,Kuz - Qish
7461,KJ-13007-v2018,Бамбук-двойка-спортивка,Синий пуговица бамбук двойка,46-54,шт,Kuz - Qish
7462,KJ-13009-v2154,Бамбук-двойка-спортивка,Синий бамбук замок бамбук двойка,46-54,шт,Kuz - Qish
7468,KJ-13006-v2080,Бамбук-двойка-спортивка,BMW Хаки замок бамбук спортивка,46-54,шт,Kuz - Qish
7474,KJ-13009-v2155,Бамбук-двойка-спортивка,Баклажан бамбук замок бамбук двойка,46-54,шт,Kuz - Qish
7492,KJ-13009-v2157,Бамбук-двойка-спортивка,Фиолетовый замок бамбук спортивка,46-54,шт,Kuz - Qish
7633,KJ-13006-v2064,Бамбук-двойка-спортивка,Хаки бамбук BMW спортивка,46-54,шт,Kuz - Qish
7635,KJ-13005-v2014,Бамбук-двойка-спортивка,BMW Бамбук спортивка,46-54,шт,Kuz - Qish
7676,KJ-13006-v2065,Бамбук-двойка-спортивка,Коричневый BMW бамбук спортивка,46-54,шт,Kuz - Qish
7695,KJ-13007-v2016,Бамбук-двойка-спортивка,Коричневый пуговица бамбук спортивка,46-54,шт,Kuz - Qish
7217,PJ-1066-v1867,Бамбук-ёка-пижама-д/р,Фенди с воротником бамбук пижама д/р,46-54,шт,Bahor - Yoz
7224,Pj-1066-v1868,Бамбук-ёка-пижама-д/р,Тигр с воротником бамбук пижама д/р,46-54,шт,Bahor - Yoz
7233,Pj-1066-v1866,Бамбук-ёка-пижама-д/р,Сердечка белый бамбук с воротником пижама д/р,46-54,шт,Bahor - Yoz
7853,XJ-3080-v2647,БАмбук-Замок-халат,Бордовый сетка бамбук замок халат,46-56,шт,Kuz - Qish
7862,XJ-3080-v2681,БАмбук-Замок-халат,Т-синий бамбук замок халат 3/4,46-56,шт,Kuz - Qish
7874,XJ-3080-v2680,БАмбук-Замок-халат,Фиолетовый сетка бамбук замок халат,46-56,шт,Kuz - Qish
7315,PJ-1076-v2174,Бамбук-пижама-д/р,Меде чёрный бамбук пижама д/р,44-52,шт,Kuz - Qish
7316,PJ-1076-v2121,Бамбук-пижама-д/р,Синий бамбук пижама д/р,44-52,шт,Kuz - Qish
7317,PJ-1076-v2184,Бамбук-пижама-д/р,Хаки бамбук пижама д/р,44-54,шт,Kuz - Qish
7344,PJ-1076-v2175,Бамбук-пижама-д/р,Синий бамбук пижама д/р,44-52,шт,Kuz - Qish
7370,PJ-1076-v2185,Бамбук-пижама-д/р,Грязный бамбук пижама д/р,44-52,шт,Kuz - Qish
7371,Pj-1076-v2178,Бамбук-пижама-д/р,Фиолетовый бамбук пижама д/р,44-52,шт,Kuz - Qish
7387,Pj-1076-v2189,Бамбук-пижама-д/р,Розовый бамбук пижама д/р,44-52,шт,Kuz - Qish
7399,PJ-1076-v2188,Бамбук-пижама-д/р,Фиолетовый бамбук пижама д/р,44-52,шт,Kuz - Qish
7421,Pj-1076-v2177,Бамбук-пижама-д/р,Малиновый бамбук пиажма д/р,44-52,шт,Kuz - Qish
7493,Pj-1076-v2179,Бамбук-пижама-д/р,Красный бамбук пижама д/р,44-52,шт,Kuz - Qish
7502,Pj-1076-v2180,Бамбук-пижама-д/р,Коричный бамбук пижама д/р,44-52,шт,Kuz - Qish
7548,Pj-1076-v2183,Бамбук-пижама-д/р,Измруд бамбук пижама д/р,44-52,шт,Kuz - Qish
7574,Pj-1076-v2190,Бамбук-пижама-д/р,Серый бамбук спортивка,44-52,шт,Kuz - Qish
7585,PJ-1076-v2192,Бамбук-пижама-д/р,Серый бамбук спортивка,44-52,шт,Kuz - Qish
7603,PJ-1076-v2186,Бамбук-пижама-д/р,Серый бамбук пижама д/р,44-52,шт,Kuz - Qish
7365,PJ-1075-v2211,Бамбук-тройка,Серый бамбук тройка халат,44-52,шт,Kuz - Qish
7366,PJ-1075-v2193,Бамбук-тройка,Т-серый бамбук тройка халат,44-52,шт,Kuz - Qish
7389,Pj-1075-v2208,Бамбук-тройка,Розовый бамбук тройка,44-52,шт,Kuz - Qish
7400,Pj-1075-v2204,Бамбук-тройка,Малиновый бабмук тройка,44-52,шт,Kuz - Qish
7429,Pj-1075-v2195,Бамбук-тройка,Синий бамбук тройка,44-52,шт,Kuz - Qish
7436,Pj-1075-v2194,Бамбук-тройка,Синий бамбук тройка,44-52,шт,Kuz - Qish
7440,PJ-1075-v2210,Бамбук-тройка,Бордовый бамбук тройка,44-52,шт,Kuz - Qish
7463,PJ-1075-v2120,Бамбук-тройка,Синий бамбук тройка,44-52,шт,Kuz - Qish
7622,Pj-1075-v2461,Бамбук-тройка,Сердечка белый сердечка бамбук тройка,44-52,шт,Kuz - Qish
7639,Pj-1075-v2202,Бамбук-тройка,Зелёный бамбук  тройка,44-52,шт,Kuz - Qish
7670,Pj-1075-v2203,Бамбук-тройка,Хаки бамбук тройка,44-52,шт,Kuz - Qish
7291,TJ-2091-v2019,Бамбук-туника,Фенди пуговица бамбук 3/4,44-54,шт,Kuz - Qish
7640,TJ-2099-v2585,Бамбук-туника,Фиолетовый пуговица бамбук туника 3/4,50-60,шт,Kuz - Qish
7642,TJ-2099-v2592,Бамбук-туника,Зелёный пуговица бамбук туника,50-60,шт,Kuz - Qish
7643,TJ-2099-v2581,Бамбук-туника,Красный бамбук туника,50-60,,Kuz - Qish
7644,TJ-2099-v2587,Бамбук-туника,Бордовый бамбук туника,50-60,шт,Kuz - Qish
7648,TJ-2099-v2591,Бамбук-туника,Синий бамбук туника,50-60,шт,Kuz - Qish
7665,TJ-2098-v2570,Бамбук-туника,Красный с воротником бамбук туника,46-56,шт,Kuz - Qish
7666,TJ-2099-v2584,Бамбук-туника,Мор пуговица бамбук туника,50-60,шт,Kuz - Qish
7672,Tj-2099-v2588,Бамбук-туника,Серый бамбук туника,50-60,шт,Kuz - Qish
7698,TJ-2097-v2564,Бамбук-туника,Мор бамбук туника,50-60,шт,Kuz - Qish
7699,TJ-2097-v2562,Бамбук-туника,Чёрный бамбук туника,50-60,шт,Kuz - Qish
7700,TJ-2099-v2583,Бамбук-туника,Малыновый бамбук туника,50-60,шт,Kuz - Qish
7703,TJ-2099-v2590,Бамбук-туника,Синий бамбук туника,50-60,шт,Kuz - Qish
7725,TJ-2097-v2561,Бамбук-туника,Роза бамбук туника 3/4,50-60,шт,Kuz - Qish
7726,TJ-2097-v2563,Бамбук-туника,Роза чёрный бамбук туника,50-60,шт,Kuz - Qish
7727,TJ-2097-v2593,Бамбук-туника,Роза бамбук туника,50-60,шт,Kuz - Qish
7175,XJ-3065-v1934,Бамбук-халат,Т-синий с воротником бамбук пуговица халат 3/4,46-54,шт,Bahor - Yoz
7178,XJ-3066-v1938,Бамбук-халат,Бордовый пугоивица бамбук халат 3/4,46-54,шт,Bahor - Yoz
7198,xj-3065-v1935,Бамбук-халат,Бордовый своротником пуговица бамбук халат,46-54,шт,Bahor - Yoz
7199,XJ-3065-v1936,Бамбук-халат,Красный с воротником пуговица бамбук халат,46-54,шт,Bahor - Yoz
7202,xj-3066-v1937,Бамбук-халат,Т-синий пуговица бамбук халат,46-54,шт,Bahor - Yoz
7424,xj-3075-v2361,Бамбук-халат,Серый пуговица бамбук халат 3/4,44-54,шт,Kuz - Qish
7617,XJ-2098-v2580,Бамбук-халат,ХАки с воротником бамбук халат,46-56,шт,Kuz - Qish
7626,XJ-2098-v2569,Бамбук-халат,Красный с воротником бамбук халат 3/4,46-56,шт,Kuz - Qish
7627,XJ-2098-v2579,Бамбук-халат,Синий с воротником бамбук халат 3/4,46-56,шт,Kuz - Qish
7641,XJ-2098-v2575,Бамбук-халат,Т-синий с воротником бамбук халат 3/4,46-56,шт,Kuz - Qish
7645,XJ-2098-v2571,Бамбук-халат,Фиолетовый с воротником бамбук халат,46-56,шт,Kuz - Qish
7671,XJ-2098-v2573,Бамбук-халат,Мор с воротником бамбук халат,46-56,шт,Kuz - Qish
7701,XJ-2098-v2578,Бамбук-халат,Т-синий с воротником бамбук халаьт,46-56,шт,Kuz - Qish
7702,XJ-2098-v2570,Бамбук-халат,Бордовый с воротниоком бамбук халат,46-56,шт,Kuz - Qish
7729,XJ-2098-v2572,Бамбук-халат,Мор пуговица бамбук халат,46-56,шт,Kuz - Qish
7290,XJ-3069-v2020,Бамбук-халат-большой-пуговица,Фенди пуговица бамбук халат 3/4,44-54,шт,Kuz - Qish
7346,XJ-3075-v2346,Бамбук-халат-большой-пуговица,Синий пуговица бамбук халат 3/4,44-54,шт,Kuz - Qish
7347,XJ-3075-v2347,Бамбук-халат-большой-пуговица,Бордовый пуговица бамбук халат 3/4,44-54,шт,Kuz - Qish
7364,XJ-3075-v-2340,Бамбук-халат-большой-пуговица,Роза красный пуговица халат 3/4,44-54,шт,Kuz - Qish
7367,xj-3075-v2345,Бамбук-халат-большой-пуговица,Бордовый пуговица бамбук халат 3/4,44-54,шт,Kuz - Qish
7375,XJ-3075-v2342,Бамбук-халат-большой-пуговица,Роза чёрный пуговица халат 3/4,44-54,шт,Kuz - Qish
7376,Xj-3075-v2360,Бамбук-халат-большой-пуговица,Чёрный бамбук пуговица халат 3/4,44-54,шт,Kuz - Qish
7378,XJ-3075-v2339,Бамбук-халат-большой-пуговица,Горчичный роза бамбук пуговица халат 3/4,44-54,шт,Kuz - Qish
7391,XJ-3075-v2363,Бамбук-халат-большой-пуговица,Красный пуговица халат 3/4,44-54,шт,Kuz - Qish
7401,XJ-3075-v2341,Бамбук-халат-большой-пуговица,Туркуаз красный пуговица халат 3/4,44-54,шт,Kuz - Qish
7434,XJ-3075-v2406,Бамбук-халат-большой-пуговица,Роза красный пугивица халат 3/4,44-54,шт,Kuz - Qish
7439,XJ-3075-v2407,Бамбук-халат-большой-пуговица,Роза чёрный бамбук пуговица халат 3/4,44-54,шт,Kuz - Qish
7448,XJ-3075-v2413,Бамбук-халат-большой-пуговица,Чердечка чёрный пуговица халат 3/4,44-54,шт,Kuz - Qish
7450,xJ-3075-v2403,Бамбук-халат-большой-пуговица,Роза чёрный пуговица бамбук халат 3/4,44-54,шт,Kuz - Qish
7486,XJ-3075-v2404,Бамбук-халат-большой-пуговица,Роза зелёный пуговица бамбук халат 3/4,44-54,шт,Kuz - Qish
7503,XJ-3076-v2458,Бамбук-халат-большой-пуговица,Фиолетовый бамбук пуговица халат 3/4,44-52,шт,Kuz - Qish
7504,XJ-3076-v2457,Бамбук-халат-большой-пуговица,Т-синий пуговица халат 3/4,44-54,шт,Kuz - Qish
7511,XJ-3075-v2402,Бамбук-халат-большой-пуговица,Роза горчичный пуговица хплпт 3/4,44-54,шт,Kuz - Qish
7512,XJ-3076-v2490,Бамбук-халат-большой-пуговица,Салатовый пуговица халат 3/4,44-54,шт,Kuz - Qish
7513,XJ-3075-v2338,Бамбук-халат-большой-пуговица,Роза чёрный бамбук пуговица халат 3/4,44-54,шт,Kuz - Qish
7517,XJ-3076-v2492,Бамбук-халат-большой-пуговица,Бордовый пуговица бамбук халат 3/4,44-54,шт,Kuz - Qish
7521,XJ-3076-v2513,Бамбук-халат-большой-пуговица,Синий бамбук пуговица бамбук халат,44-54,шт,Kuz - Qish
7529,XJ-3075-v2412,Бамбук-халат-большой-пуговица,Роза бамбук пуговица халат 3/4,44-54,шт,Kuz - Qish
7534,XJ-3076-v2491,Бамбук-халат-большой-пуговица,Измруд пуговица бамбук халат 3/4,44-54,шт,Kuz - Qish
7549,XJ-3075-v2408,Бамбук-халат-большой-пуговица,Роза красный пуговица халат 3/4,44-54,шт,Kuz - Qish
7550,XJ-3076-v2514,Бамбук-халат-большой-пуговица,Зелёный пуговица бамбак халат 3/4,44-54,шт,Kuz - Qish
7560,XJ-3075-v2378,Бамбук-халат-большой-пуговица,Зелёный лист пуговица бамбук халат 3/4,44-54,шт,Kuz - Qish
7566,XJ-3075-v2543,Бамбук-халат-большой-пуговица,Роза пуговица бамбук халат 3/4,44-54,шт,Kuz - Qish
7571,XJ-3076-v2597,Бамбук-халат-большой-пуговица,Бордовый пуговица бамбук халат 3/4,44-54,шт,Bahor - Yoz
7573,XJ-3075-v2549,Бамбук-халат-большой-пуговица,Роза красный бамбук пуговица халат 3/4,44-54,шт,Kuz - Qish
7580,XJ-3075-v2545,Бамбук-халат-большой-пуговица,Бамбук роза пуговица халат 3/4,44-54,шт,Kuz - Qish
7581,XJ-3075-v2550,Бамбук-халат-большой-пуговица,Роза красный бамбук пуговица халат 3/4,44-54,шт,Kuz - Qish
7586,XJ-3075-v2553,Бамбук-халат-большой-пуговица,Роза оранжый пуговица бамбук халат 3/4,44-54,шт,Kuz - Qish
7606,XJ-3075-v2548,Бамбук-халат-большой-пуговица,Роза чёрный пуговица бамбук халат,44-54,шт,Kuz - Qish
7607,XJ-3075-v2405,Бамбук-халат-большой-пуговица,Роза красный бамбук халат,44-54,шт,Kuz - Qish
7608,XJ-3076-v2512,Бамбук-халат-большой-пуговица,Серый бамбук халат 3/4,44-54,шт,Kuz - Qish
7609,XJ-3075-v2546,Бамбук-халат-большой-пуговица,Роза красный бамбук халат 3/4,44-54,шт,Kuz - Qish
7610,XJ-3075-v2554,Бамбук-халат-большой-пуговица,Красный бамбук халат 3/4,44-54,шт,Kuz - Qish
7614,XJ-3075-v2542,Бамбук-халат-большой-пуговица,Красный бамбук халат 3/4,44-54,шт,Kuz - Qish
7615,XJ-3075-v2555,Бамбук-халат-большой-пуговица,Роза красный пуговица бамбук халат 3/4,44-54,шт,Bahor - Yoz
7620,XJ-3076-v2598,Бамбук-халат-большой-пуговица,Бордовый пуговица бамбук халат,44-54,шт,Kuz - Qish
7623,XJ-3075-v2362,Бамбук-халат-большой-пуговица,Т-серый пуговица бамбукб халат 3/4,44-54,шт,Kuz - Qish
7803,XJ-3076-v2362,Бамбук-халат-большой-пуговица,Серый пуговица бамбук халат 3/4,44-54,шт,Kuz - Qish
7921,XJ-3076-v2815,Бамбук-халат-большой-пуговица,Чёрный бамбук пуговица халат 3/4,44-54,шт,Kuz - Qish
8035,XJ-3075-v3072,Бамбук-халат-большой-пуговица,Красный бамбук халат 3/4,44-54,шт,Kuz - Qish
8051,xj-3075-v3070,Бамбук-халат-большой-пуговица,Желтый бамбук халат 3/4,44-54,шт,Kuz - Qish
8052,xj-3075-v3071,Бамбук-халат-большой-пуговица,Бамбук халат 3/4,44-54,шт,Kuz - Qish
8169,Xj-3075-v2639,Бамбук-халат-большой-пуговица,Чёрный бамбук халат,44-54,шт,Kuz - Qish
8170,Xj-3075-v3257,Бамбук-халат-большой-пуговица,Чёрный бамбук халат,44-54,шт,Kuz - Qish
8188,xj-3075-v3256,Бамбук-халат-большой-пуговица,Жёлтый бамбук халат 3/4,44-54,шт,Kuz - Qish
7488,PM-7000-v2316,Д/р пижама ёка мужской новогодный,Клетка красный с воротником пижама д/р,48-58,шт,Kuz - Qish
7489,PM-7000-v2317,Д/р пижама ёка мужской новогодный,Красный клетка с воротником пижама д/р,48-58,шт,Kuz - Qish
7848,PM-7000-v2868,Д/р пижама ёка мужской новогодный,Ёлка т-синий мужской с воротником пижама д/р,48-58,шт,Kuz - Qish
7719,PM-7004-v2428,Д/р пижама мужской новогодный,Т-синий мужской пижама д/р,48-58,шт,Kuz - Qish
7758,PM-7004-v2438,Д/р пижама мужской новогодный,Т-синий олень мужской новогодный пижама д/р,48-58,шт,Kuz - Qish
7785,PM-7006-v2766,Д/р пижама мужской новогодный,Олень т-синий мужской пижама д/р,46-56,шт,Kuz - Qish
7844,PM-7006-v2776,Д/р пижама мужской новогодный,Хеппий т-синий мужской пижама д/р,48-58,шт,Kuz - Qish
7846,PM-7006-v2906,Д/р пижама мужской новогодный,Т-синий мужской пижама д/р,48-58,шт,Kuz - Qish
7850,PM-7006-v2770,Д/р пижама мужской новогодный,Т-синий белив мужской пижама д/р,48-58,шт,Kuz - Qish
7889,PM-7006-v2782,Д/р пижама мужской новогодный,Т-синий мужской новогодный пижама д/р,48-58,шт,Kuz - Qish
7897,PM-7006-v2934,Д/р пижама мужской новогодный,Т-синий карман мужской пижама д/р,48-58,шт,Kuz - Qish
7917,PM-7006-v2947,Д/р пижама мужской новогодный,Медведь т-синий мужской пижама д/р,48-58,шт,Kuz - Qish
7924,PM-7006-v2950,Д/р пижама мужской новогодный,Т-синий ёлка мужской новогодный пижама д/р,48-58,шт,Kuz - Qish
7935,PM-7009-v2916,Д/р пижама мужской новогодный,Чёрный мужской пижама д/р,48-58,шт,Kuz - Qish
8027,PM-7006-v3014,Д/р пижама мужской новогодный,Т-синий мужской новоогодный пижама д/р,48-58,шт,Kuz - Qish
7407,Pj-1081-v2266,Д/р пижама новогодный,Пингвин красный пуговица пижама д/р,44-54,шт,Kuz - Qish
7851,PJ-1101-v2785,Д/р пижама новогодный,Красный пижама д/р,44-54,шт,Kuz - Qish
7071,PJ-1058-v1791,Д/р-пижама,Куин мини горох пижама д/р,46-56,шт,Bahor - Yoz
7080,PJ-1062-v1814,Д/р-пижама,Коричневый пуговица пижама д/р,50-60,шт,Bahor - Yoz
7187,KJ-13003-v1830,Д/р-пижама,Чёрный пуговица пижама д/р,44-52,шт,Bahor - Yoz
7206,PJ-1057-v1993,Д/р-пижама,Хаки пуговица пижама д/р,56-66,шт,Bahor - Yoz
7212,Pj-1057-v1992,Д/р-пижама,Хаки пуговица пижама д/р,56-66,шт,Bahor - Yoz
7227,Pj-1057-v2004,Д/р-пижама,Молочный пуговица пижама д/р,56-66,шт,Bahor - Yoz
7241,PJ-1057-v1750,Д/р-пижама,Голубой пуговица пижама д/р,56-66,шт,Bahor - Yoz
7250,PJ-1072-v2063,Д/р-пижама,Мини горох пижама д/р,48-58,шт,Bahor - Yoz
7259,PJ-1057-v2001,Д/р-пижама,ЖЁлтый пуговица пижама д/р,56-66,шт,Kuz - Qish
7268,Pj-1071-v2012,Д/р-пижама,Мини горох Матлюба опа пижама д/р,56-64,шт,Kuz - Qish
7281,pj-1074-v2106,Д/р-пижама,Горчичный пуговица пижама д/р,54-64,шт,Bahor - Yoz
7293,PJ-1080-v2213,Д/р-пижама,Фенди пуговица пижама д/р,46-56,шт,Kuz - Qish
7295,Pj-1057-v2084,Д/р-пижама,Горчичный пуговица пжама д/р,56-66,шт,Kuz - Qish
7296,Pj-1057-v2122,Д/р-пижама,Фиолетовый пуговица пижама д/р,56-66,шт,Kuz - Qish
7306,PJ-1057-v2002,Д/р-пижама,Жёлтый пуговица пижама д/р,56-66,шт,Bahor - Yoz
7312,Pj-1057-v2071,Д/р-пижама,ЖЁлтый пуговица пижама д/р,56-66,шт,Kuz - Qish
7313,Pj-1057-v2133,Д/р-пижама,Мятный пуговица пижама д/р,56-66,шт,Kuz - Qish
7348,PJ-1057-v2162,Д/р-пижама,Розовый пуговица пижама д/р,56-66,шт,Kuz - Qish
7350,PJ-1057-v2070,Д/р-пижама,Фиолетовый пгуоивца пижама д/р,56-66,шт,Kuz - Qish
7351,Pj-1078-v2158,Д/р-пижама,Жаст бипуговица пижама д/р,56-66,шт,Kuz - Qish
7352,PJ-1083-v2308,Д/р-пижама,Сердечка белый пуговица пижама д/р,46-56,шт,Kuz - Qish
7353,Pj-1057-v2161,Д/р-пижама,Горчичный пуговица пижама д/р,56-66,шт,Kuz - Qish
7358,Pj-1057-v2152,Д/р-пижама,Грязный пуговица пижама д/р,56-66,шт,Kuz - Qish
7393,Pj-1057-v2272,Д/р-пижама,Оранжевый пуговица пижама д/р,56-66,шт,Bahor - Yoz
7405,Pj-1057-v2164,Д/р-пижама,Хаки пуговица пижама д/р,56-66,шт,Kuz - Qish
7406,Pj-1057-v2163,Д/р-пижама,Молочный пуговица пижама д/р,56-66,шт,Kuz - Qish
7409,PJ-1057-v1964,Д/р-пижама,Хаки пуговица пижама д/р,56-66,шт,Kuz - Qish
7411,PJ-1057-v2273,Д/р-пижама,Т-синий пуговица пижама д/р,56-66,шт,Kuz - Qish
7426,PJ-1057-v2365,Д/р-пижама,Голубой пуговица пижама д/р,56-66,шт,Kuz - Qish
7452,pj-1084-V2419,Д/р-пижама,Сердечка пуговица пижама д/р,50-60,шт,Kuz - Qish
7459,Pj-1057-v2234,Д/р-пижама,Красный пуговица пижама д/р,56-66,шт,Kuz - Qish
7471,PJ-1057-v2276,Д/р-пижама,Зелёный пуговица пижама д/р,56-66,шт,Kuz - Qish
7472,Pj-1073-v2092,Д/р-пижама,Куин мини горох пижама д/р,58-66,шт,Kuz - Qish
7473,PJ-1057-v2275,Д/р-пижама,Зелёный пуговица пижама д/р,56-64,шт,Kuz - Qish
7477,PJ-1057-v2324,Д/р-пижама,Розовый пуговица пижама д/р,56-66,шт,Kuz - Qish
7490,Pj-1084-v2325,Д/р-пижама,Сердечка пугоивица пижама д/р,50-60,шт,Kuz - Qish
7494,PJ-1089-v2425,Д/р-пижама,Бордовый пуговица пижама д/р,46-56,шт,Kuz - Qish
7500,PJ-1057-v2310,Д/р-пижама,Мини горох пуговица пижама д/р,56-66,шт,Kuz - Qish
7501,Pj-1057-v2159,Д/р-пижама,Т-синий пуговица пижама д/р,56-66,шт,Kuz - Qish
7506,Pj-1085-v2334,Д/р-пижама,Синий пуговица пижама д/р,50-60,шт,Kuz - Qish
7509,Pj-1057-v2453,Д/р-пижама,Грязный пуговица пижама д/р,56-66,шт,Kuz - Qish
7516,PJ-1089-v2417,Д/р-пижама,Мор пуговица пижама д/р,46-56,шт,Kuz - Qish
7520,Pj-1085-v2409,Д/р-пижама,Хаки пуговица пижама д/р,50-60,шт,Kuz - Qish
7531,PJ-1092-v2445,Д/р-пижама,Голубой пуговица пижама д/р,44-52,шт,Kuz - Qish
7532,Pj-1095-v2519,Д/р-пижама,Бордовый клетка пуговица пижама д/р,58-66,шт,Kuz - Qish
7541,Pj-1088-v2414,Д/р-пижама,Белый полоса пуговица пижама д/р,50-60,шт,Kuz - Qish
7545,PJ-1093-v2494,Д/р-пижама,Оранжевый пуговица пижама д/р,46-56,шт,Kuz - Qish
7551,Pj-1085-v2469,Д/р-пижама,Коричневый пуговица пижама д/р,50-60,шт,Kuz - Qish
7564,Pj-1096-v2599,Д/р-пижама,Полоса красный пуговица пижама д/р,46-56,шт,Kuz - Qish
7567,PJ-1095-v2511,Д/р-пижама,Мор пуговица пижама д/р,58-66,шт,Kuz - Qish
7575,Pj-1057-v2003,Д/р-пижама,Роза розовый пуговица пижама д/р,56-66,шт,Kuz - Qish
7578,PJ-1088-v2415,Д/р-пижама,Сердечка полоса пуговица пижама д/р,50-60,шт,Kuz - Qish
7579,Pj-1088-v2416,Д/р-пижама,Сердечка синий пуговица пижама д/р,50-60,шт,Kuz - Qish
7593,Pj-1057-v2442,Д/р-пижама,Т-синий вишня пижама д/р,56-66,шт,Kuz - Qish
7597,Pj-1086-v2372,Д/р-пижама,Мини горох пуговица пижама д/р,46-56,шт,Kuz - Qish
7598,Pj-1057-v2420,Д/р-пижама,Розовый пуговица пижама д/р,56-66,шт,Kuz - Qish
7611,Pj-1088-v2474,Д/р-пижама,Полоса розовый пуговица пижама д/р,50-60,шт,Kuz - Qish
7616,Pj-1057-v2397,Д/р-пижама,Горчичный пуговица пижама д/р,56-66,шт,Kuz - Qish
7637,PJ-1085-v2395,Д/р-пижама,Хаки пуговица пижама д/р,50-60,шт,Kuz - Qish
7661,Pj-1057-v2608,Д/р-пижама,Голубой пуговица пижама д/р,46-56,шт,Kuz - Qish
7714,PJ-1089-v2596,Д/р-пижама,Мини горох пуговица пижама д/р,46-56,шт,Kuz - Qish
7731,PJ-1062-v2509,Д/р-пижама,Розовый пуговица пижама д/р,46-56,шт,Kuz - Qish
7759,Pj-1103-v2733,Д/р-пижама,Хаки пуговица пижама др,48-56,шт,Kuz - Qish
7798,PJ-1103-v2734,Д/р-пижама,Т-синий полоса пуговица д/р,48-56,шт,Kuz - Qish
7802,PJ-1062-v2606,Д/р-пижама,Горчичный роза пуговица пижама д/р,46-56,шт,Kuz - Qish
7815,PJ-1103-v2732,Д/р-пижама,Мор пуговица пижама д/р,48-56,шт,Kuz - Qish
7818,PJ-1103-v2730,Д/р-пижама,Мор пуговица пижама д/р,48-56,шт,Kuz - Qish
7825,PJ-1088-v2475,Д/р-пижама,Полоса белый пуговица пижама д/р,50-60,шт,Kuz - Qish
7827,PJ-1062-v2607,Д/р-пижама,Персик пуговица пижама д/р,46-56,шт,Kuz - Qish
7828,Pj-1062-v2605,Д/р-пижама,Горчичный пуговица пижама д/р,46-56,шт,Kuz - Qish
7840,PJ-1103-v2731,Д/р-пижама,Синий пуговица пижама д/р,48-56,шт,Kuz - Qish
7845,PJ-1062-v2604,Д/р-пижама,Голубой пуговица пижама д/р,46-56,шт,Kuz - Qish
7855,PJ-1088-v2510,Д/р-пижама,Грязный пуговица пижама д/р,50-60,шт,Kuz - Qish
7860,Pj-1085-v2508,Д/р-пижама,Фиолетовый пуговица пижама д/р,50-60,шт,Kuz - Qish
7864,Pj-1088-v2642,Д/р-пижама,Персик пуговица пижама д/р,50-60,шт,Kuz - Qish
7907,PJ-1057-v2160,Д/р-пижама,Т-синий пуговица пижама д/р,56-66,шт,Kuz - Qish
7915,Pj-1088-v2641,Д/р-пижама,Молочный пуговица пижама д/р,50-60,шт,Kuz - Qish
7929,PJ-1062-v2601,Д/р-пижама,Розовый пуговица пижама д/р,46-56,шт,Kuz - Qish
7930,Pj-1062-v2602,Д/р-пижама,Красный пуговица пижама д/р,46-56,шт,Kuz - Qish
7999,PJ-1099-v2857,Д/р-пижама,Полоса красный пуговица пижама д/р,50-60,шт,Kuz - Qish
8050,PJ-1062-v2640,Д/р-пижама,Розовый пуговица пижама д/р,46-56,шт,Kuz - Qish
8264,PJ-1057-v2287,Д/р-пижама,Синий пижама д/р,56-66,шт,Kuz - Qish
8380,PJ-1057-v2373,Д/р-пижама,Хаки пижама д/р,56-66,шт,Kuz - Qish
7046,PJ-1055-v1723,Д/р-пижама-ёка,Бабочка персик с воротником пижама д/р,48-58,шт,Bahor - Yoz
7120,PJ-1068-v1945,Д/р-пижама-ёка,Ананас жёлтый с воротником пижама д/р,44-54,шт,Bahor - Yoz
7228,Pj-1068-v2074,Д/р-пижама-ёка,Лове белый с воротником пижама д/р,46-56,шт,Bahor - Yoz
7276,PJ-1068-v2024,Д/р-пижама-ёка,Жёлтый с воротником пижама д/р,46-56,шт,Kuz - Qish
7285,PJ-1068-v2129,Д/р-пижама-ёка,Сердечка розовый с воротником пижама д/р,44-54,шт,Kuz - Qish
7304,PJ-1068-v2149,Д/р-пижама-ёка,Сердечка белый с воротником пижама д/р,46-56,шт,Kuz - Qish
7349,Pj-1068-v2259,Д/р-пижама-ёка,Полоса синий с воротником пижама д/р,44-54,шт,Kuz - Qish
7363,PJ-1068-v2265,Д/р-пижама-ёка,Лес белый с воротниокм пижама д/р,44-54,шт,Kuz - Qish
7394,Pj-1068-v2328,Д/р-пижама-ёка,Сердечка розовый с воротником пижама д/р,46-56,шт,Kuz - Qish
7412,Pj-1068-v2286,Д/р-пижама-ёка,Сердечка красный с воротником пижама д/р,46-56,шт,Kuz - Qish
7457,pj-1068-v2386,Д/р-пижама-ёка,Сердечка белый с воротником пижама д/р,44-52,шт,Kuz - Qish
7487,Pj-1068-v2384,Д/р-пижама-ёка,Полоса с воротником пижама д/р,44-52,шт,Kuz - Qish
7499,Pj-1068-v2385,Д/р-пижама-ёка,Белый с воротником пижама д/р,44-52,шт,Kuz - Qish
7505,Pj-1068-v2393,Д/р-пижама-ёка,Синий сердечка с воротником пижама д/р,44-54,шт,Kuz - Qish
7530,Pj-1068-v2464,Д/р-пижама-ёка,Клетка красный с вортником пижама д/р,44-54,шт,Kuz - Qish
7542,Pj-1068-v2462,Д/р-пижама-ёка,Красный пингвин с воротником пижама д/р,44-54,шт,Kuz - Qish
7544,PJ-1068-v2470,Д/р-пижама-ёка,Роза бордовый с воротником пижама д/р,44-54,шт,Kuz - Qish
7552,Pj-1055-v2242,Д/р-пижама-ёка,Роза розовый с воротником пижама д/р,46-56,шт,Kuz - Qish
7762,PJ-1068-v2472,Д/р-пижама-ёка,Полоса с воротником пжама д/р,44-54,шт,Kuz - Qish
7778,PJ-1068-v2471,Д/р-пижама-ёка,Полоса  с воротником пижама д/р,44-54,шт,Kuz - Qish
7950,Pj-1068-v2962,Д/р-пижама-ёка,Красный с воротником пижама д/р,44-54,шт,Kuz - Qish
7786,PJ-1097-v2613,Д/р-пижама-ёка-лафша,Сердечка белый с воротником лафша пижама д/р,44-52,шт,Kuz - Qish
7982,PJ-1097-v2615,Д/р-пижама-ёка-лафша,Вишня белый с воротником дафша пижама д/р,44-52,шт,Kuz - Qish
7289,Pj-1068-v2165,Д/р-пижама-ёка-новогодный,Красный ёлка с воротником пижама д/р,44-54,шт,Kuz - Qish
7303,PJ-1068-v2168,Д/р-пижама-ёка-новогодный,Клетка красный с воротником пижама д/р,44-54,шт,Kuz - Qish
7354,Pj-1068-v2167,Д/р-пижама-ёка-новогодный,Клетка красный с воротником пижама д/р,46-56,шт,Kuz - Qish
7355,Pj-1068-v2268,Д/р-пижама-ёка-новогодный,Клетка красный с воротником пижама д/р,46-56,шт,Kuz - Qish
7441,Pj-1068-v2278,Д/р-пижама-ёка-новогодный,Олень красный с воротником пижама д/р,44-54,шт,Kuz - Qish
7498,Pj-1091-v2434,Д/р-пижама-ёка-новогодный,Канфет красный с воротником пижама д/р,44-54,шт,Kuz - Qish
7595,Pj-1068-v2166,Д/р-пижама-ёка-новогодный,Т-синий ёлка с воротником пижама д/р,44-54,шт,Kuz - Qish
7651,PJ-1068-v2538,Д/р-пижама-ёка-новогодный,Клетка красный своротником пижама д/р,44-54,шт,Kuz - Qish
7658,PJ-1068-v2539,Д/р-пижама-ёка-новогодный,Клетка красный с воротником пижама д/р,44-54,шт,Kuz - Qish
7780,PJ-1068-v2644,Д/р-пижама-ёка-новогодный,Клетка красный с воротником пижама д/р,44-52,шт,Kuz - Qish
7782,PJ-1068-v2645,Д/р-пижама-ёка-новогодный,Красный клетка с воротником пижама д/р,44-52,шт,Kuz - Qish
7887,PJ-1068-v2869,Д/р-пижама-ёка-новогодный,Красный с воротником пижама д/р,44-54,шт,Kuz - Qish
7116,Pj-1070-v1986,Д/р-пижама-жаккард,Роза розовый треугольник жаккард пижама д/р,44-52,шт,Bahor - Yoz
7127,Pj-1070-v1987,Д/р-пижама-жаккард,Синий роза жаккард пижама д/р,44-52,шт,Bahor - Yoz
7234,Pj-1070-v2021,Д/р-пижама-жаккард,Роза бедый жаккард пижама д/р,44-52,шт,Bahor - Yoz
7258,Pj-1070-v2057,Д/р-пижама-жаккард,Жёлтый роза пугоивица жаккард д/р,44-52,шт,Kuz - Qish
7305,Pj-1070-v2241,Д/р-пижама-жаккард,Белый бабочка пуговица жаккард д/р,44-52,шт,Bahor - Yoz
7451,PJ-1070-v2444,Д/р-пижама-жаккард,Сердечка жаккард пижама д/р,44-52,шт,Kuz - Qish
7482,Pj-1070-v2443,Д/р-пижама-жаккард,Роза белый жаккард пижама д/р,44-52,шт,Kuz - Qish
7583,PJ-1070-v2611,Д/р-пижама-жаккард,Роза белый пуговица пижама жаккард д/р,44-52,шт,Kuz - Qish
7600,PJ-1070-v2610,Д/р-пижама-жаккард,Белый роза жаккард пижама д/р,44-52,шт,Kuz - Qish
7341,Pj-1070-v2306,Д/р-пижама-лафша,Сердечка белый дафша пижама д/р,44-52,шт,Kuz - Qish
7361,PJ-1070-v2305,Д/р-пижама-лафша,Лимон белый лафша пижама д/р,44-52,шт,Kuz - Qish
7380,PJ-1070-v2307,Д/р-пижама-лафша,Роза белый лафша пижама д/р,44-52,шт,Kuz - Qish
7553,PJ-1087-v2411,Д/р-пижама-лафша,Роза сердечка белый лафша пижама д/р,44-52,шт,Kuz - Qish
7555,PJ-1087-v2410,Д/р-пижама-лафша,Лимон хаки пуговица лафша пижама д/р,44-52,шт,Kuz - Qish
7775,PJ-1087-v2620,Д/р-пижама-лафша,Сердека розовый кришота лафша,44-52,шт,Kuz - Qish
7978,Pj-1097-v2614,Д/р-пижама-лафша,Лимон с воротником лафша пижама д/р,44-52,шт,Kuz - Qish
7654,Pj-1090-v2527,Д/р-пижама-новогодный,Винтер т-синий пуговица пижама д/р,44-54,шт,Kuz - Qish
7657,PJ-1090-v2439,Д/р-пижама-новогодный,Красный пуговица пижама д/р,44-54,шт,Kuz - Qish
7720,PJ-1090-v2429,Д/р-пижама-новогодный,Красный пуговица пижама д/р,44-54,шт,Kuz - Qish
7754,PJ-1101-v2703,Д/р-пижама-новогодный,Красный олень пижама д/р,44-54,шт,Kuz - Qish
7787,PJ-1090-v2528,Д/р-пижама-новогодный,Красный олень пуговица пижама д/р,44-54,шт,Kuz - Qish
7831,Pj-1101-v2773,Д/р-пижама-новогодный,Красный белив пижама д/р,44-54,шт,Kuz - Qish
7872,PJ-1101-v2907,Д/р-пижама-новогодный,Ёлка подростковый пижама д/р,44-54,шт,Kuz - Qish
7902,PJ-1101-v2779,Д/р-пижама-новогодный,Красный новогодный пижама д/р,44-54,шт,Kuz - Qish
7918,PJ-1101-v2951,Д/р-пижама-новогодный,Красный ёлка пижама д/р,44-54,шт,Kuz - Qish
7923,PJ-1117-v2917,Д/р-пижама-новогодный,Красный ёлка пижама д/р,44-54,шт,Kuz - Qish
7938,Pj-1101-v2935,Д/р-пижама-новогодный,Красный карман пижама д/р,44-54,шт,Kuz - Qish
7939,PJ-1101-v2944,Д/р-пижама-новогодный,Красный пижама д/р,44-54,шт,Kuz - Qish
7940,PB-10005-v2942,Д/р-пижама-новогодный,Т-синий подростоквый пижама д/р,98-128,шт,Kuz - Qish
8025,PJ-1101-v3015,Д/р-пижама-новогодный,Красный пижама д/р,44-54,шт,Kuz - Qish
7659,PJ-1094-v2522,Двойка халат,Полоса розовый двойка халат,44-52,шт,Bahor - Yoz
7662,Pj-1094-v2534,Двойка халат,Сердечка голубой двойка халат,44-52,шт,Bahor - Yoz
7664,PJ-1094-v2533,Двойка халат,Голубой пуговица двойка халат,44-52,шт,Bahor - Yoz
7673,PJ-1094-v2503,Двойка халат,Голубой вдойка халат,44-52,шт,Bahor - Yoz
7781,Pj-1094-v2504,Двойка халат,Роза двойка халат,44-52,шт,Bahor - Yoz
8079,xj-3081-v2963,Двойка халат,Розовый сердечка двойка халат,44-52,шт,Bahor - Yoz
8731,Xj-3103-v3780,Двойка халат,Розовый двойка халат,44-52,шт,Bahor - Yoz
8740,Xj-3103-v3779,Двойка халат,Розовый двойка халат,44-52,шт,Bahor - Yoz
8421,XJ-3090-v3449,Двойка-халат-вискон,Тигр вискон двойка халат,44-52,шт,Bahor - Yoz
8427,XJ-3090-v3452,Двойка-халат-вискон,Розовый вискон двойка халат,44-52,шт,Bahor - Yoz
8430,XJ-3089-v3412,Двойка-халат-вискон,Молочный вискон двока халат,44-52,шт,Bahor - Yoz
8445,Xj-3090-v3453,Двойка-халат-вискон,Молочный вискон двойка халат,44-52,шт,Bahor - Yoz
8446,Xj-3089-v3411,Двойка-халат-вискон,Молочный вискон двойка халат,44-52,шт,Bahor - Yoz
8575,Xj-3090-v3450,Двойка-халат-вискон,Розовый к/р халат,44-52,шт,Bahor - Yoz
7360,PJ-1082-v2303,Двойка-халат-лафша,Сердечка белый двойка халат,44-52,шт,Bahor - Yoz
7369,PJ-1082-v2304,Двойка-халат-лафша,Лимон белый тройка лафша халат,44-52,шт,Bahor - Yoz
7392,PJ-1082-v2323,Двойка-халат-лафша,Роза белый лафша двойка халат,44-52,шт,Bahor - Yoz
7395,MK-18003-v2109,Двухнитка-спортивка-unisex,Коричневый Минимализм двухнитка спортивка,48-56,шт,Kuz - Qish
7430,MK-18003-v2111,Двухнитка-спортивка-unisex,Синий Минимализм двухнитка спортивка,48-56,шт,Kuz - Qish
7483,KJ-13008-v2059,Двухнитка-спортивка-женская,Грязный капюшон двухнитка капюшон,44-52,шт,Kuz - Qish
7533,KJ-13010-v2337,Двухнитка-спортивка-женская,Celture Зелёный капюшон двухнитка спортивка,44-52,шт,Kuz - Qish
7556,KJ-13010-v2336,Двухнитка-спортивка-женская,Хаки Culture двухнитка спортивка женская,44-52,шт,Kuz - Qish
7253,MK-18002-v1977,Двухнитка-спортивка-мужской,Серый двухнитка мужской капюшон спортивка,48-56,шт,Bahor - Yoz
7275,MK-18002-v1974,Двухнитка-спортивка-мужской,Серый Деним двухнитка спортивка,48-56,шт,Kuz - Qish
7690,HM-11502-v2116,Двухнитка-худи-мужской,Голубой двухнитка мужской худи,48-56,шт,Kuz - Qish
7697,HM-11502-v2114,Двухнитка-худи-мужской,Коричневый двухниитка худи,48-56,шт,Kuz - Qish
7875,HM-11502-v2115,Двухнитка-худи-мужской,Молочный двухнитка,46-56,шт,Kuz - Qish
7919,HM-11502-v2113,Двухнитка-худи-мужской,Т-синий двухнитка худи,48-56,шт,Kuz - Qish
5859,XJ-3028-v-280,Замок халат 3/4,Хаки рязка заком халат 3/4,46-56,шт,Bahor - Yoz
5872,XJ-3028-v301,Замок халат 3/4,Оранжевый роза замок халат 3/4,46-56,шт,Bahor - Yoz
5884,XJ-3029-v313,Замок халат 3/4,Инфинитий чёрный кружева халат 3/4,46-56,шт,Bahor - Yoz
5905,XJ-3025V-v268,Замок халат 3/4,Мини горох замок халат 3/4,50-60,шт,Bahor - Yoz
5918,XJ-3028-v311,Замок халат 3/4,Оранжевый замок халат 3/4,46-56,шт,Bahor - Yoz
5951,XJ-3025v-v325,Замок халат 3/4,Дейзи хаки замок халат 3/4,50-60,шт,Bahor - Yoz
5966,XJ-3027-v278,Замок халат 3/4,Туркуаз хаки с воротником замок халат 3/4,46-56,шт,Bahor - Yoz
5967,XJ-3032-v389,Замок халат 3/4,Хаки ромашка с воротником замок халат 3/4,46-56,шт,Bahor - Yoz
6045,XJ-3027-v371,Замок халат 3/4,Роза жёлтый с воротником замок халат 3/4,46-56,шт,Bahor - Yoz
6046,XJ-3025-v270,Замок халат 3/4,Средный горох замок халат 3/4,50-60,шт,Bahor - Yoz
6104,xj-3032-v792,Замок халат 3/4,Пламя оранжевый с воротником замок халат 3/4,46-56,шт,Bahor - Yoz
6135,XJ-3036-v478,Замок халат 3/4,Зебра оранжевый кружева замок халат 3/4,44-54,шт,Bahor - Yoz
6181,TJ-3030-v584,Замок халат 3/4,Средный горох кружава замок халат к/р,46-56,шт,Bahor - Yoz
6905,XJ-3054-v1650,Замок халат 3/4,Горчичный роза сетка замок халат 3/4,48-58,шт,Bahor - Yoz
6906,XJ-3053-v1715,Замок халат 3/4,Сетка замок халат 3/4,50-60,шт,Bahor - Yoz
6913,XJ-3054-v1691,Замок халат 3/4,Роза синий сетка замок халат 3/4,48-58,шт,Bahor - Yoz
6919,XJ-3053-v1602,Замок халат 3/4,Синий сетка замок халат 3/4,50-60,шт,Bahor - Yoz
6939,XJ-3054-v1642,Замок халат 3/4,Мини горох сетка замок халат 3/4,48-58,шт,Bahor - Yoz
7023,XJ-3059-v1776,Замок халат 3/4,Тигр замок халат 3/4,48-58,шт,Bahor - Yoz
7141,XJ-3068-v1965,Замок халат 3/4,Бабочка замок халат 3/4,48-58,шт,Bahor - Yoz
7164,XJ-3063-v1808,Замок халат 3/4,Оранжевый кружева замок халат 3/4,48-58,шт,Bahor - Yoz
7168,Xj-3068-v1966,Замок халат 3/4,Золота листь замок халат 3/4,48-58,шт,Bahor - Yoz
7193,XJ-3063-v1807,Замок халат 3/4,Рязка зелёный кружева замок халат 3/4,48-58,шт,Bahor - Yoz
7203,xj-3068-v2006,Замок халат 3/4,Роза синий замок халат 3/4,48-58,шт,Bahor - Yoz
7204,xj-3067-v1948,Замок халат 3/4,Гранат средный горох замок халат 3/4,48-58,шт,Bahor - Yoz
7205,xj-3067-v1947,Замок халат 3/4,Лимон средный горох замок халат 3/4,48-58,шт,Bahor - Yoz
7226,XJ-3067-v1949,Замок халат 3/4,Лимон средный горох замок халат 3/4,48-58,шт,Bahor - Yoz
7231,XJ-3068-v2026,Замок халат 3/4,Роза замок халат 3/4,48-58,шт,Bahor - Yoz
7308,xj-3068-v1967,Замок халат 3/4,Роза замок халат 3/4,48-58,шт,Bahor - Yoz
7377,XJ-3073-v2282,Замок халат 3/4,Рязка зелёный с воротником замок халат 3/4,48-58,шт,Kuz - Qish
7419,XJ-3073-v2283,Замок халат 3/4,Красный с воротниокм замок халат 3/4,46-56,шт,Bahor - Yoz
7428,Xj-3073-v2248,Замок халат 3/4,Оранжевый с воротником замок халат 3/4,46-56,шт,Bahor - Yoz
7708,XJ-3070-v2215,Замок халат 3/4,Рязка кружева замок халат 3/4,48-58,шт,Bahor - Yoz
8654,Xj-3099-v3750,Замок халат 3/4,Оранжевый замок 3/4 халат,46-56,шт,Bahor - Yoz
8666,Xj-3073-v3724,Замок халат 3/4,Фиолетвый с воротником 3/4 замок халат,48-58,шт,Bahor - Yoz
8670,Xj-3104-v3784,Замок халат 3/4,Фиолетвый с карманы 3/4 замок халат,48-58,шт,Bahor - Yoz
8679,Xj-3000-v3838,Замок халат 3/4,Синий замок 3/4 халат,48-58,шт,Bahor - Yoz
8693,Xj-3096-v3749,Замок халат 3/4,Оранжевый с замок 3/4 халат,46-56,шт,Bahor - Yoz
8696,Xj-3099-v3760,Замок халат 3/4,Малиновый с замок 3/4 халат,46-56,шт,Bahor - Yoz
8699,Xj-3000-v3879,Замок халат 3/4,Оранжевый с замок 3/4 халат,48-58,шт,Bahor - Yoz
8705,Xj-3104-v3794,Замок халат 3/4,Синий с карманы 3/4 замок халат,48-58,шт,Bahor - Yoz
8717,Xj-3073-v3743,Замок халат 3/4,Оранжевый с воротником 3/4 замок халат,48-58,шт,Bahor - Yoz
8741,Xj-3106-v3814,Замок халат 3/4,Горох 3/4 замок залат,48-58,шт,Bahor - Yoz
8772,Xj-3096-v3876,Замок халат 3/4,Цветочный замок 3/4 халат,46-56,шт,Bahor - Yoz
8775,Xj-3106-v3813,Замок халат 3/4,Лимон горох замок 3/4 халат,48-58,шт,Bahor - Yoz
8781,Xj-3104-v3875,Замок халат 3/4,Оранжевый 3/4 замок халат,48-58,шт,Bahor - Yoz
8828,XJ-3101-v3857,Замок халат 3/4,Роза запах халат 3/4,44-54,шт,Bahor - Yoz
8831,XJ-3096-v3737,Замок халат 3/4,Оранжевый сетка замок халат 3/4,46-56,шт,Bahor - Yoz
8844,xj-3096-v3798,Замок халат 3/4,Синий сетка замок халат 3/4,46-56,шт,Bahor - Yoz
8878,xj-3097-v3739,Замок халат 3/4,Куин мино горох замок халат 3/4,46-56,шт,Bahor - Yoz
8925,XJ-3100-v3756,Замок халат 3/4,Стрекоза замок халат 3/4,46-56,шт,Bahor - Yoz
9045,xj-3117-v4174,Замок халат 3/4,Оранжевый с воротником замок халат 3/4,46-56,шт,Bahor - Yoz
9092,xj-3117-v4225,Замок халат 3/4,Красный Кружева Замок халат 3/4,46-56,шт,Bahor - Yoz
5933,XJ-3022-v297,Замок халат к/р,Салатовый роза замок халат к/р,44-52,шт,Bahor - Yoz
5934,XJ-3030-v299,Замок халат к/р,Средный горох кружева замок халат к/р,48-58,шт,Bahor - Yoz
5956,XJ-3024v-v266,Замок халат к/р,Средный горох замок халат к/р,50-60,шт,Bahor - Yoz
5992,XJ-3022-v176,Замок халат к/р,Оранжевый цветок замок халат к/р,44-52,шт,Bahor - Yoz
6033,XJ-3026-v272,Замок халат к/р,Туркуах хаки замок халат к/р,44-52,шт,Bahor - Yoz
6071,XJ-3038-v761,Замок халат к/р,Роза сетка чёрный замок халат к/р,48-58,шт,Bahor - Yoz
6102,xj-3038-v688,Замок халат к/р,Питон замок халат к/р,48-58,шт,Bahor - Yoz
6108,XJ-3039-v786,Замок халат к/р,Микс цвет замок халат,50-60,шт,Bahor - Yoz
6112,XJ-3039-V700,Замок халат к/р,Замок халат к/р,50-60,шт,Bahor - Yoz
6132,XJ-3037-v686,Замок халат к/р,Женская халат замок,46-56,шт,Bahor - Yoz
6156,XJ-3039-v698,Замок халат к/р,Флокс замок халат к/р,50-60,шт,Bahor - Yoz
6175,XJ-3030-v584,Замок халат к/р,Средный горох замок халат к/р,46-56,шт,Bahor - Yoz
6231,XJ-3039-v949,Замок халат к/р,Зебра замок халат к/р,50-60,шт,Bahor - Yoz
6341,XJ-3009-v286,Замок халат к/р,Бежевый фенди карман ззамок халат к/р,46-56,шт,Bahor - Yoz
6474,XJ-3045-v1120,Замок халат к/р,Роза красный замок халат к/р,46-56,шт,Bahor - Yoz
6508,XJ-3045-v1205,Замок халат к/р,Роза замок халат к/р,46-52,шт,Bahor - Yoz
6563,XJ-3045-v1356,Замок халат к/р,Драст замок халат к/р,46-52,шт,Bahor - Yoz
6584,XJ-3045-v1358,Замок халат к/р,Роза молочный замок халат к/р,46-56,шт,Bahor - Yoz
6607,XJ-3045-v1379,Замок халат к/р,Роза листь замок халат к/р,48-58,шт,Bahor - Yoz
6664,XJ-3047-v1430,Замок халат к/р,Оранжевый замок халат к/р,46-54,шт,Bahor - Yoz
6665,XJ-3047-v1445,Замок халат к/р,Красный замок халат к/р,46-56,шт,Bahor - Yoz
6712,XJ-3047-v1432,Замок халат к/р,Драст красный замок халат к/р,46-56,шт,Bahor - Yoz
6864,XJ-3047-v1447,Замок халат к/р,Роза оранжевый замок халат к/р,44-54,шт,Bahor - Yoz
6869,XJ-3048-v1441,Замок халат к/р,Квадрат замок халат к/р,46-56,шт,Bahor - Yoz
6877,XJ-3047-v1555,Замок халат к/р,Зелёный замок халат к/р,44-52,шт,Bahor - Yoz
6878,XJ-3047-v1446,Замок халат к/р,Роза замок халат к/р,44-52,шт,Bahor - Yoz
6957,XJ-3045-v1415,Замок халат к/р,Пламя оранжевый замок халат к/р,46-54,шт,Bahor - Yoz
8282,Xj-3085-v3278,Замок халат к/р,Авокадо средный горох замок халат к/р,48-58,шт,Bahor - Yoz
8306,Xj-3085-v3276,Замок халат к/р,Горох замок халат к/р,48-58,шт,Bahor - Yoz
8316,XJ-3086-v3366,Замок халат к/р,Оранжевый замок халат к/р,46-56,шт,Bahor - Yoz
8326,Xj-3085-v3279,Замок халат к/р,Горох замок халат к/р,48-58,шт,Bahor - Yoz
8327,XJ-3085-v3277,Замок халат к/р,Горох замок халат к/р,48-58,шт,Bahor - Yoz
8329,XJ-3086-v3367,Замок халат к/р,Фиолетовый замок халат к/р,46-56,шт,Bahor - Yoz
8358,xj-3085-v3275,Замок халат к/р,Горох замок халат к/р,48-58,шт,Bahor - Yoz
8402,XJ-3087-v3389,Замок халат к/р,Горох куин замок халат к/р,46-56,шт,Bahor - Yoz
8410,xj-3091-v3463,Замок халат к/р,Роза замок халат к/р,50-60,шт,Bahor - Yoz
8423,xj-3091-v3473,Замок халат к/р,Роза замок халат к/р,50-60,шт,Bahor - Yoz
8424,XJ-3086-v3470,Замок халат к/р,Синий замок халат к/р,46-56,шт,Bahor - Yoz
8429,XJ-3088-v3390,Замок халат к/р,Куин горох замок халат к/р,50-60,шт,Bahor - Yoz
8455,Xj-3030-v3637,Замок халат к/р,Горох к/р замок халат,46-56,шт,Bahor - Yoz
8532,Xj-3092-v3494,Замок халат к/р,Бордовый к/р замок халат,46-56,шт,Bahor - Yoz
8615,Xj-3087-v3705,Замок халат к/р,Бордовый к/р замок халат,46-56,шт,Bahor - Yoz
8653,Xj-3094-v3639,Замок халат к/р,Чёрный замок к/р халат,46-56,шт,Bahor - Yoz
8656,Xj-3102-v3763,Замок халат к/р,Оранжевый с воротником к/р замок халат,46-56,шт,Bahor - Yoz
8668,Xj-3102-v3791,Замок халат к/р,Синий с воротником к/р замок халат,46-56,шт,Bahor - Yoz
8683,Xj-3092-v3563,Замок халат к/р,Зелённый с замок к/р халат,46-56,шт,Bahor - Yoz
8692,Xj-3092-v3667,Замок халат к/р,Красный с замок к/р халат,46-56,шт,Bahor - Yoz
8695,Xj-3102-v3792,Замок халат к/р,Малиновый с воротником к/р замок халат,46-56,шт,Bahor - Yoz
8715,Xj-3095-v3648,Замок халат к/р,Т-синий с карманы к/р замок халат,44-52,шт,Bahor - Yoz
8749,Xj-3086-v3869,Замок халат к/р,Оранжевый к/р замок халат,46-56,шт,Bahor - Yoz
8760,Xj-3086-v3826,Замок халат к/р,Оранжевый к/р замок халат,46-56,шт,Bahor - Yoz
8858,xj-3083-v4028,Замок халат к/р,Полоса запах халат к/р,44-54,шт,Bahor - Yoz
8879,xj-3092-v3946,Замок халат к/р,Максмара замок халат к/р,46-56,шт,Bahor - Yoz
8886,xj-3092-v3562,Замок халат к/р,Максмара замок халат к/р,46-56,шт,Bahor - Yoz
8995,xj-3110-v4069,Замок халат к/р,Мини горох замок халат к/р,48-58,шт,Bahor - Yoz
8997,xj-3110-v4068,Замок халат к/р,Лимон мини горох замок халат к/р,48-58,шт,Bahor - Yoz
9007,xj-3119-v4254,Замок халат к/р,Оранжевый с воротником замок халат к/р,44-54,шт,Bahor - Yoz
9075,Xj-3092-v3716,Замок халат к/р,Бордовый с замок к/р халат,46-56,шт,Bahor - Yoz
9111,Xj-3086-v4237,Замок халат к/р,Розовый с замок к/р халат,46-56,шт,Bahor - Yoz
9151,xj-3086-v4236,Замок халат к/р,Малиновый замок халат к/р,46-56,шт,Bahor - Yoz
7709,XJ-3078-v2713,Замок-халат-махровый,Ментоль замок халат 3/4,46-54,шт,Kuz - Qish
7748,XJ-3078-v2715,Замок-халат-махровый,Красный махровый замок халат,46-54,шт,Kuz - Qish
7797,XJ-3078-v2714,Замок-халат-махровый,Грязный махровый замок халат,46-54,шт,Kuz - Qish
7836,XJ-3078-v2712,Замок-халат-махровый,ХАки замок халат махровый,46-54,шт,Kuz - Qish
7839,XJ-3078-v2711,Замок-халат-махровый,Коричневый махровый замок халат 3/4,46-54,шт,Kuz - Qish
7861,XJ-3078-v2792,Замок-халат-махровый,Красный махровый замок халат 3/4,46-54,шт,Kuz - Qish
6110,PJ-1002-v436,К/р-пижама,Инфинитий салатовый пуговица пижама к/р,46-56,шт,Bahor - Yoz
6373,PJ-1002-v1024,К/р-пижама,Фенди пуговица пижама к/р,46-56,шт,Bahor - Yoz
6456,PJ-1002v-v1,К/р-пижама,Фенди матлба опа пижама,52-56,шт,Bahor - Yoz
6457,PJ-1002-v2,К/р-пижама,Фенди матлба опа пижама,58-64,шт,Bahor - Yoz
6702,PJ-1045-v1435,К/р-пижама,Сердечка розовый пуговица пижама к/р,44-52,шт,Bahor - Yoz
6703,Pj-1045-v1437,К/р-пижама,Розовый пуговица  пижама к/р,44-52,шт,Bahor - Yoz
6792,PJ-1045-v1436,К/р-пижама,Сердечка голубой пуговица пижама к/р,44-52,шт,Bahor - Yoz
6858,Pj-1045-v1433,К/р-пижама,Фиолетовый пуговица пижама к/р,44-52,шт,Bahor - Yoz
7179,KJ-13004-v1878,К/р-пижама,Фиолетовый с воротниокм пижама к/р,44-54,шт,Bahor - Yoz
7292,Pj-1077-v2153,К/р-пижама,Чёрный полоса пижама к/р,46-56,шт,Bahor - Yoz
7294,PJ-1079-v2212,К/р-пижама,Чёрный полоса пугоивица пижама к/р,58-66,шт,Bahor - Yoz
7769,PJ-1102-v2716,К/р-пижама,Мини горох пуговица пижама д/р,46-56,шт,Bahor - Yoz
7824,Pj-1077-v2736,К/р-пижама,Синий пуговица пижама д/р,46-56,шт,Bahor - Yoz
7843,Pj-1104-v2848,К/р-пижама,Мини горох пуговица пижама д/р,58-66,шт,Bahor - Yoz
7847,PJ-1077-v2723,К/р-пижама,Синий пуговица пижама к/р,46-56,шт,Bahor - Yoz
7859,PJ-1102-v2849,К/р-пижама,Лимон пуговица пижама к/р,46-56,шт,Bahor - Yoz
7927,Pj-1077-v2735,К/р-пижама,Бордовый пуговица пижама к/р,46-56,шт,Bahor - Yoz
7948,PJ-1077-v2737,К/р-пижама,Зелёный пуговица пижама к/р,46-56,шт,Bahor - Yoz
7981,PJ-1077-v2724,К/р-пижама,Серый пуговица пижама к/р,46-56,шт,Bahor - Yoz
7995,Pj-1002-v2810,К/р-пижама,Коричневый пижама к/р,46-56,шт,Bahor - Yoz
8193,Pj-1121-v3008,К/р-пижама,Полоса белый пуговица пижама к/р,50-60,шт,Bahor - Yoz
8366,Pj-1077-v3396,К/р-пижама,Оранжевый пугоивца пижама к/р,46-56,шт,Bahor - Yoz
8432,PJ-1077-v3469,К/р-пижама,Синий пуговица пижама к/р,46-56,шт,Bahor - Yoz
8534,Pj-1077-v3693,К/р-пижама,Оранжевый с пуговица к/р пижама,46-56,шт,Bahor - Yoz
8596,Pj-1145-v3727,К/р-пижама,Чёрный - молочный с пуговица к/р пижама,46-56,шт,Bahor - Yoz
8599,pj-1145-v3726,К/р-пижама,Чёрный - молочный с пуговица к/р пижама,46-56,шт,Bahor - Yoz
8762,Pj-1002-v3862,К/р-пижама,Белый - серый с пуговица к/р пижама,46-56,шт,Bahor - Yoz
8811,Pj-1002-v3861,К/р-пижама,Лес Чёрный пугоивца пижама к/р,46-56,шт,Bahor - Yoz
8885,Pj-1077-v3992,К/р-пижама,Белый пугоивца пижама к/р,46-56,шт,Bahor - Yoz
8900,pj-1150-v3915,К/р-пижама,Роза пуговица пижама к/р,44-52,шт,Bahor - Yoz
6141,PJ-1006-v818,К/р-пижама-ёка,Белый роза с воротником пижама к/р,46-56,шт,Bahor - Yoz
6247,PJ-1012-v948,К/р-пижама-ёка,Голубой сердечка с воротником пижама футболка штаны,44-52,шт,Bahor - Yoz
6465,Pj-1012-v1142,К/р-пижама-ёка,Мор с воротником пижама к/р,46-56,шт,Bahor - Yoz
6490,Pj-1012-v1216,К/р-пижама-ёка,Зебра с воротником пижама к/р,46-56,шт,Bahor - Yoz
6615,PJ-1012-v1242,К/р-пижама-ёка,Розха молочный с воротником пижама к/р,46-56,шт,Bahor - Yoz
6621,PJ-1012-v1241,К/р-пижама-ёка,Роза синий с воротником пижама к/р,46-56,шт,Bahor - Yoz
6772,Pj-1012-v1533,К/р-пижама-ёка,Зелёный с воротником пижама,46-56,шт,Bahor - Yoz
6786,Pj-1012-v1531,К/р-пижама-ёка,Синий роза с воротникм пижама к/р,46-56,шт,Bahor - Yoz
6813,pj-1012-v1532,К/р-пижама-ёка,Розовый с воротником пижама к/р,46-56,шт,Bahor - Yoz
6855,PJ-1012-v1583,К/р-пижама-ёка,Белый с воротником пижама к/р,46-56,шт,Bahor - Yoz
6859,PJ-1012-v1646,К/р-пижама-ёка,Вишня чёрный с воротником пижама к/р,46-56,шт,Bahor - Yoz
7131,PJ-1064-v1824,К/р-пижама-ёка,Сердечка розовый с воротником пижама к/р,44-52,шт,Bahor - Yoz
7174,Pj-1064-v1819,К/р-пижама-ёка,Клетка молочный с воротником пижама к/р,44-52,шт,Bahor - Yoz
7277,Pj-1064-v1823,К/р-пижама-ёка,Перо синий с воротником пижама к/р,46-56,шт,Kuz - Qish
7914,PJ-1110-v2955,К/р-пижама-ёка,Мини горох бордовый с воротником пижама к/р,46-56,шт,Bahor - Yoz
7926,PJ-1110-v2838,К/р-пижама-ёка,Сердечка коричневый с воротником пижама к/р,44-52,шт,Bahor - Yoz
7947,PJ-1110-v2954,К/р-пижама-ёка,Сердечка бордовый с вротником пижама к/р,46-56,шт,Bahor - Yoz
8006,PJ-1110-v2913,К/р-пижама-ёка,Роза с воротником пижама к/р,46-56,шт,Bahor - Yoz
8019,Pj-1110-v2912,К/р-пижама-ёка,Листь с воротником пижама к/р,46-56,шт,Bahor - Yoz
8031,PJ-1110-v2899,К/р-пижама-ёка,Сердечка с воротником пижама к/р,44-52,шт,Bahor - Yoz
8034,PJ-1110-v3010,К/р-пижама-ёка,Голубой с воротником пижама к/р,46-56,шт,Bahor - Yoz
8048,PJ-1110-v3009,К/р-пижама-ёка,ХАк с воротником пижама к/р,46-56,шт,Bahor - Yoz
8063,PJ-1110-v2903,К/р-пижама-ёка,Соловей с воротником пижама к/р,46-56,шт,Bahor - Yoz
8076,pj-1110-v3055,К/р-пижама-ёка,Клетка с воротником пижама к/р,44-52,шт,Kuz - Qish
8081,pj-1110-v3052,К/р-пижама-ёка,Белый с воротником пижама к/р,44-52,шт,Kuz - Qish
8179,Pj-1110-v3206,К/р-пижама-ёка,Красный клетка с воротником пижама к/р,44-54,шт,Bahor - Yoz
8221,PJ-1110-v3184,К/р-пижама-ёка,Клетка красный с воротником пижама к/р,44-52,шт,Bahor - Yoz
8269,PJ-1110-v3241,К/р-пижама-ёка,Зелёный с воротником пижама к/р,44-54,шт,Bahor - Yoz
8330,PJ-1110-v3331,К/р-пижама-ёка,Персик с воротником пижама к/р,44-54,шт,Bahor - Yoz
8335,Pj-1110-v3332,К/р-пижама-ёка,Бабочка розовый с воротником пижама к/р,44-54,шт,Bahor - Yoz
8344,Pj-1110-v3364,К/р-пижама-ёка,Белый с воротником пижама к/р,46-54,шт,Bahor - Yoz
8425,Pj-1110-v3441,К/р-пижама-ёка,Клетка розовый с воротником пижама к/р,44-52,шт,Bahor - Yoz
8510,Pj-1110-v3647,К/р-пижама-ёка,Голубой с воротником к/р пижама,44-54,шт,Bahor - Yoz
8578,Pj-1110-v3712,К/р-пижама-ёка,Клетка с воротником к/р пижама,44-54,шт,Bahor - Yoz
8579,Pj-1110-v3591,К/р-пижама-ёка,Молочный с воротником к/р пижама,44-54,шт,Bahor - Yoz
8658,PJ-1110-v3768,К/р-пижама-ёка,Молочныый с воротником к/р пижама,44-54,шт,Bahor - Yoz
8667,Pj-1110-v3646,К/р-пижама-ёка,Молочный с воротником к/р пижама,44-54,шт,Bahor - Yoz
8719,Pj-1110-v3809,К/р-пижама-ёка,Cиреневый с воротником к/р пижама,44-54,шт,Bahor - Yoz
8769,Pj-1110-v3888,К/р-пижама-ёка,Голубой с воротником пижама,44-54,шт,Bahor - Yoz
9083,pj-1110-v3906,К/р-пижама-ёка,Роза с воротником пижама к/р,44-54,шт,Bahor - Yoz
8616,Pj-1138-v3569,К/р-пижама-ёка-муслин,Молочный с воротником к/р муслин пижама,44-52,шт,Bahor - Yoz
8628,Pj-1138-v3567,К/р-пижама-ёка-муслин,Молочный с воротником к/р муслин пижама,44-52,шт,Bahor - Yoz
8641,Pj-1138-v3566,К/р-пижама-ёка-муслин,Молочный с воротником к/р муслин пижама,44-52,шт,Bahor - Yoz
9113,Pj-1138-v3568,К/р-пижама-ёка-муслин,"Лимон, белый с воротником к/р муслин пижама",44-52,шт,Bahor - Yoz
9115,Pj-1138-v3570,К/р-пижама-ёка-муслин,Молочный с воротником муслин к/р пижама,44-52,шт,Bahor - Yoz
9126,Pj-1138-v3613,К/р-пижама-ёка-муслин,Белый с воротником к/р муслин пижама,44-52,шт,Bahor - Yoz
6407,PJ-1040-v1180,К/р-пижама-лафша,Полоса чёрный пуговица пижама к/р,46-56,шт,Bahor - Yoz
6425,PJ-1040-v1177,К/р-пижама-лафша,Полоса серый пуговица пижама к/р,46-56,шт,Bahor - Yoz
6448,PJ-1040-v1179,К/р-пижама-лафша,Фиолетовый лафша пуговица пжама к/р,46-56,шт,Bahor - Yoz
6450,PJ-1040-v1182,К/р-пижама-лафша,Зелёный пуговица лафша пижама к/р,46-56,шт,Bahor - Yoz
6460,PJ-1040-v1178,К/р-пижама-лафша,Полоса коричневый пуговица пижама к/р,46-56,шт,Bahor - Yoz
6462,PJ-1040-v1181,К/р-пижама-лафша,Мор лафша пугоивца пижама к/р,46-56,шт,Bahor - Yoz
8452,Pj-1139-v3488,К/р-пижама-муслин,Белый муслин к/р пижама,44-52,шт,Bahor - Yoz
8465,Pj-1139-v3506,К/р-пижама-муслин,Белый с пуговица к/р муслин пижама,44-54,шт,Bahor - Yoz
8509,Pj-1139-v3550,К/р-пижама-муслин,Муслин к/р пижама,44-52,шт,Bahor - Yoz
8512,Pj-1139-v3574,К/р-пижама-муслин,Голубой с пуговица к/р муслин пижама,44-52,шт,Bahor - Yoz
8513,Pj-1139-v3490,К/р-пижама-муслин,Молочный с пуговица к/р муслин пижама,44-52,шт,Bahor - Yoz
8514,Pj-1139-v3491,К/р-пижама-муслин,Молочный с пуговица к/р муслин пижама,44-52,шт,Bahor - Yoz
8517,Pj-1139-v3492,К/р-пижама-муслин,Голубой с пуговица к/р пижама,44-52,шт,Bahor - Yoz
8518,Pj-1139-v3571,К/р-пижама-муслин,Молочный с пуговица к/р пижама,44-52,шт,Bahor - Yoz
8519,Pj-1139-v3572,К/р-пижама-муслин,Белый с пуговица к/р муслин пижама,44-52,шт,Bahor - Yoz
8521,Pj-1139-v3489,К/р-пижама-муслин,Молочный с пуговица к/р муслин пижама,44-52,шт,Bahor - Yoz
8529,Pj-1139-v3549,К/р-пижама-муслин,Красный-белый с пуговица к/р муслин пижама,44-52,шт,Bahor - Yoz
8537,Pj-1139-v3485,К/р-пижама-муслин,Молочный с пуговица к/р пижама,44-52,шт,Bahor - Yoz
8540,Pj-1139-v3486,К/р-пижама-муслин,Молочный с пуговица к/р муслин пижама,44-52,шт,Bahor - Yoz
8556,Pj-1139-v3548,К/р-пижама-муслин,Пуговица к/р муслин пижама,44-52,шт,Bahor - Yoz
8558,Pj-1139-v3487,К/р-пижама-муслин,Белый с пуговица муслин пижама,44-52,шт,Bahor - Yoz
8592,Pj-1139-v3573,К/р-пижама-муслин,Белый с пуговица к/р муслин пижама,44-52,шт,Bahor - Yoz
8777,Pj-1150-v3911,К/р-пижама-муслин,Белый с пуговица муслин к/р пижама,44-52,шт,Bahor - Yoz
8778,Pj-1150-v3914,К/р-пижама-муслин,Белый с пуговица муслин к/р пижама,44-52,шт,Bahor - Yoz
8795,Pj-1150-v3913,К/р-пижама-муслин,Белый с пуговица к/р пижама,44-52,шт,Bahor - Yoz
8796,Pj-1150-v3912,К/р-пижама-муслин,Белый с пуговица к/р пижама,44-52,шт,Bahor - Yoz
8797,Pj-1150-v3954,К/р-пижама-муслин,Белый с пуговица к/р пижама,44-52,шт,Bahor - Yoz
8798,Pj-1150-v3952,К/р-пижама-муслин,Белый с пуговица к/р пижама,44-52,шт,Bahor - Yoz
8800,Pj-1150-v3953,К/р-пижама-муслин,Белый с пуговица к/р пижама,44-52,шт,Bahor - Yoz
6368,SJ-4013-v1022,Кормяшка,Сердечка бордовый кормяшка сорочка,44-52,шт,Bahor - Yoz
6429,SJ-4013-v1192,Кормяшка,Кроллик белый кормяшка сорочка,44-52,шт,Bahor - Yoz
6498,SJ-4013-v1307,Кормяшка,Плюс белый кормяшка сорочка,44-52,шт,Bahor - Yoz
6501,SJ-4013-v1305,Кормяшка,Сердечка белый кормяшка сорочка,44-52,шт,Bahor - Yoz
6520,SJ-4013-v1191,Кормяшка,Роза серый кормяшка сорочка,44-52,шт,Bahor - Yoz
6543,Sj-4013-v1210,Кормяшка,Роза белый кормяшка сорочка,44-52,шт,Bahor - Yoz
6556,SJ-4013-v1363,Кормяшка,Сердечка мор кормяшка сорочка,44-52,шт,Bahor - Yoz
6635,SJ-4013-v1364,Кормяшка,Грязный листь кормяшка сорочка,44-52,шт,Bahor - Yoz
6645,SJ-4013-v1410,Кормяшка,Розовый кормяшка сорочка,44-52,шт,Bahor - Yoz
6650,Sj-4013-v1297,Кормяшка,Синий ромашка кормяшка сорочка,44-52,шт,Bahor - Yoz
6651,SJ-4013-v1302,Кормяшка,Сердечка розовый кормяшка,44-52,шт,Bahor - Yoz
6909,sJ-4013-v1709,Кормяшка,Бабаочка белый кормяшка сорочка,44-52,шт,Bahor - Yoz
6953,SJ-4013-v1716,Кормяшка,Бабочка молочный кормяшка,44-52,шт,Bahor - Yoz
6979,SJ-4013-v1780,Кормяшка,Молочный кормяшка сорочка,44-52,шт,Bahor - Yoz
6783,SJ-4036-v1572,Кормяшка лафша,Сердечка красный кормяшка лафша сорочка,44-52,шт,Bahor - Yoz
6806,SJ-4036-v1578,Кормяшка лафша,Хаки полоса лафша кормяшка,44-52,шт,Bahor - Yoz
6823,SJ-4036-v1580,Кормяшка лафша,Фиолетовый полоса кормяшка лафша,44-52,шт,Bahor - Yoz
6836,SJ-4036-v1582,Кормяшка лафша,Розовый полоса лафша кормяшка,44-52,шт,Bahor - Yoz
6838,SJ-4036-v1579,Кормяшка лафша,Красный полоса кормяшка лафша,44-52,шт,Bahor - Yoz
6890,SJ-4036-v1570,Кормяшка лафша,Бабочка белый кормяшка сорочка,44-52,шт,Bahor - Yoz
6998,sj-4036-v1573,Кормяшка лафша,Лимон белый кормяшка лафша сорочка,44-52,шт,Bahor - Yoz
8346,SJ-4049-v3302,Кормяшка-вискон,Голубой вискон кормяшка,44-52,шт,Bahor - Yoz
8412,SJ-4049-v3306,Кормяшка-вискон,Бабочка красный вискон сорочка,44-52,шт,Bahor - Yoz
8422,SJ-4049-v3304,Кормяшка-вискон,Роза вискон кормяшка,44-52,шт,Bahor - Yoz
8426,sj-4049-v3305,Кормяшка-вискон,Хак вискон кормяшка,44-52,шт,Bahor - Yoz
8871,sj-4049-v3407,Кормяшка-вискон,Сердечка кормяшка вискон,44-52,шт,Bahor - Yoz
6889,Sj-4036-v1741,Кормяшка-жаккард,Сердечка розовый кормяшка жаккард,44-52,шт,Bahor - Yoz
6892,SJ-4036-v1742,Кормяшка-жаккард,Сердечка белый кормяшка жаккард,44-52,шт,Bahor - Yoz
7001,sj-4036-v1827,Кормяшка-жаккард,Роза белый кормяшка жаккард,44-52,шт,Bahor - Yoz
7069,SJ-4036-v1833,Кормяшка-жаккард,Голубой жаккард кормяшка,44-52,шт,Bahor - Yoz
7325,FJ-6006-v2293,Лонгслив-женская,Мятный лонгслив женская,44-54,шт,Bahor - Yoz
7326,FJ-6006-v2102,Лонгслив-женская,Розовый лонгслив женская,44-54,шт,Bahor - Yoz
7327,FJ-6006-v2101,Лонгслив-женская,Мятный лонгслив женская,44-54,шт,Bahor - Yoz
7328,FJ-6006-v2292,Лонгслив-женская,Роза лонгслив женская,44-54,шт,Bahor - Yoz
7329,FJ-6006-v2295,Лонгслив-женская,Розовый роза лонгслив женская,44-54,шт,Bahor - Yoz
7330,FJ-6006-v2298,Лонгслив-женская,Голубой лонгслив женская,44-54,шт,Bahor - Yoz
7331,FJ-6006-v2297,Лонгслив-женская,Голубой лонслив женская,44-54,шт,Bahor - Yoz
7332,FJ-6006-v2302,Лонгслив-женская,Серый лонгслив женская,44-54,шт,Bahor - Yoz
7333,FJ-6006-v2104,Лонгслив-женская,Голубой лонгслив женская,44-54,шт,Bahor - Yoz
7334,FJ-6006-v2299,Лонгслив-женская,Голубой лонгслив женская,44-54,шт,Bahor - Yoz
7335,FJ-6006-v2294,Лонгслив-женская,Розовый донгслив женская,44-54,шт,Bahor - Yoz
7336,FJ-6006-v2296,Лонгслив-женская,Розовый лонгслив женская,44-54,шт,Bahor - Yoz
7337,FJ-6006-v2291,Лонгслив-женская,Хаки лонгслив женская,44-54,шт,Bahor - Yoz
7338,FJ-6006-v2301,Лонгслив-женская,Молочный лонгслив женская,44-54,шт,Bahor - Yoz
7339,FJ-6006-v2300,Лонгслив-женская,Молочный лонгслив женская,44-54,шт,Bahor - Yoz
7340,FJ-6006-v2103,Лонгслив-женская,Молочный лонгслив женская,44-54,шт,Bahor - Yoz
5965,PJ-1028-v454,Лямка-шорты,Перо молочный лямка шорты,44-52,шт,Bahor - Yoz
5993,PJ-1031-v544,Лямка-шорты,Полоса зелёный лямка шорты,44-52,шт,Bahor - Yoz
6002,PJ-1028-v598,Лямка-шорты,Красный клетка лямка шорты,44-52,шт,Bahor - Yoz
6017,PJ-1031-v500,Лямка-шорты,Полоса коричневый лямка шорты,44-52,шт,Bahor - Yoz
6040,Pj-1028-v690,Лямка-шорты,Саммер горчичный лямка шорты,44-52,шт,Bahor - Yoz
6064,PJ-1031-v580,Лямка-шорты,Чёрный полоса лямка шорты,44-52,шт,Bahor - Yoz
6081,Pj-1031-v722,Лямка-шорты,Т-синий полоса лямка шорты,44-52,шт,Bahor - Yoz
6092,PJ-1031-v628,Лямка-шорты,Мор полоса лямка шорты,44-52,шт,Bahor - Yoz
6165,PJ-1036-v889,Лямка-шорты,Муслим лямка шорты,44-52,шт,Bahor - Yoz
6228,PJ-1036-v997,Лямка-шорты,Муслин лямка шорты,44-52,шт,Bahor - Yoz
6308,Pj-1036-v886,Лямка-шорты,Лове муслин лямка шорты,44-52,шт,Bahor - Yoz
6950,Pj-1059-v1797,Лямка-шорты,Ананас жёлтый лямка шорты,44-54,шт,Bahor - Yoz
8869,Pj-1155-v4000,Лямка-шорты,Горох лямка шорты,44-54,шт,Bahor - Yoz
6451,SJ-4008-v1195,Лямка-шорты Лафша,Бабочка белый лафша лямка шорты,44-54,шт,Bahor - Yoz
6481,SJ-4008-v1253,Лямка-шорты Лафша,Вишня красный лафша лямка шорты,44-54,шт,Bahor - Yoz
6493,SJ-4008-v1251,Лямка-шорты Лафша,Бабочка белый лафша лямка шорты,44-54,шт,Bahor - Yoz
6582,SJ-4008-v1194,Лямка-шорты Лафша,Лимон лафша лямка шорты,44-54,шт,Bahor - Yoz
6904,sj-4008-V1400,Лямка-шорты Лафша,Розовый полоса лафша лямка шорты,44-54,шт,Bahor - Yoz
8223,PJ-1125-v3129,Лямка-шорты-вискон,Роза красный вискон лямка шорты,44-52,шт,Bahor - Yoz
8224,PJ-1125-v3140,Лямка-шорты-вискон,Молочный вискон лямка шорты,44-52,шт,Bahor - Yoz
8225,Pj-1125-v3132,Лямка-шорты-вискон,Роза т-синий вичкон лямка шорты,44-52,шт,Bahor - Yoz
8228,Pj-1125-v3124,Лямка-шорты-вискон,Розовый вискон лямка шорты,44-52,шт,Bahor - Yoz
8229,PJ-1125-v3147,Лямка-шорты-вискон,Хаки вискон лямка шорты,44-52,шт,Bahor - Yoz
8231,Pj-1125-v3130,Лямка-шорты-вискон,Роза вискон лямка шорты,44-52,шт,Bahor - Yoz
8252,PJ-1125-v3131,Лямка-шорты-вискон,Голубой вискон лямка шорты,44-52,шт,Bahor - Yoz
8256,PJ-1125-v3173,Лямка-шорты-вискон,Роза вискон лямка шорты,44-52,шт,Bahor - Yoz
8272,PJ-1125-v3177,Лямка-шорты-вискон,Роза вискон лямка шорты,44-52,шт,Bahor - Yoz
8278,PJ-1125-v3127,Лямка-шорты-вискон,Роза вискон лямка шорты,44-52,шт,Bahor - Yoz
8385,Pj-1125-v3128,Лямка-шорты-вискон,Тигр лямка вискон лямка шорты,44-52,шт,Bahor - Yoz
8388,Pj-1125-v3418,Лямка-шорты-вискон,Сердечка вискон лямка шорты,44-52,шт,Bahor - Yoz
8392,PJ-1125-v3360,Лямка-шорты-вискон,Роза вискон лямка шорты,44-52,шт,Bahor - Yoz
8746,Pj-1125-v3865,Лямка-шорты-вискон,Розовый вискон лямка шорты,44-52,шт,Bahor - Yoz
8773,Pj-1125-v3864,Лямка-шорты-вискон,Розовый с цветочным вискон лямка шорты,44-52,шт,Bahor - Yoz
8776,Pj-1125-v3880,Лямка-шорты-вискон,Чёрный вискон лямка шорты,44-52,шт,Bahor - Yoz
8802,Pj-1125-v3863,Лямка-шорты-вискон,Фиолетовый вискон лямка шорты,44-52,шт,Bahor - Yoz
7043,Pj-1061-v1894,Лямка-шорты-жаккард,Бабочка жёлтый жаккард лямка шорты,44-52,шт,Bahor - Yoz
7044,Pj-1061-v1903,Лямка-шорты-жаккард,Розовый бабочка жаккард лямка шорты,44-52,шт,Bahor - Yoz
7083,PJ-1061-v1899,Лямка-шорты-жаккард,Бабочка голубой жаккард лямка шорты,44-52,шт,Bahor - Yoz
7095,Pj-1061-v1839,Лямка-шорты-жаккард,Розовый лямка шорты жаккард,44-52,шт,Bahor - Yoz
7097,pj-1061-v1809,Лямка-шорты-жаккард,Голубой лямка шорты жаккард,44-52,шт,Bahor - Yoz
7142,Pj-1061-v1812,Лямка-шорты-жаккард,Розовый жаккард лямка шорты,44-52,шт,Bahor - Yoz
8448,Pj-1036-v3545,Лямка-шорты-муслин,Белый муслин лямка шорты,44-52,шт,Bahor - Yoz
8449,Pj-1036-v3533,Лямка-шорты-муслин,Белый муслин лямка шорты,44-52,шт,Bahor - Yoz
8450,Pj-1036-v3538,Лямка-шорты-муслин,Белый муслин лямка шорты,44-52,шт,Bahor - Yoz
8451,Pj-1036-v3547,Лямка-шорты-муслин,Белый муслин лямка шорты,44-52,шт,Bahor - Yoz
8459,Pj-1036-v3539,Лямка-шорты-муслин,Белый муслин лямка шорты,44-52,шт,Bahor - Yoz
8467,Pj-1036-v3536,Лямка-шорты-муслин,Белый муслин лямка шорты,44-52,шт,Bahor - Yoz
8473,Pj-1036-v3535,Лямка-шорты-муслин,Розовый муслин лямка шорты,44-52,шт,Bahor - Yoz
8475,Pj-1036-v3537,Лямка-шорты-муслин,Белый муслин лямка шорты,44-52,шт,Bahor - Yoz
8486,Pj-1036-v3532,Лямка-шорты-муслин,Белый с сердечка муслин лямка шорты,44-52,шт,Bahor - Yoz
8487,Pj-1036-v3530,Лямка-шорты-муслин,Голубой муслин лямка шорты,44-52,шт,Bahor - Yoz
8489,Pj-1036-v3544,Лямка-шорты-муслин,Молочный муслин лямка шорты,44-52,шт,Bahor - Yoz
8504,Pj-1036-v3580,Лямка-шорты-муслин,Розовый муслин лямка шорты,44-52,шт,Bahor - Yoz
8505,Pj-1036-v3578,Лямка-шорты-муслин,Розовый муслин лямка шорты,44-52,шт,Bahor - Yoz
8507,Pj-1036-v3579,Лямка-шорты-муслин,Белый муслин лямка шорты,44-52,шт,Bahor - Yoz
8543,Pj-1036-v3540,Лямка-шорты-муслин,Белый с сердечка муслин лямка шорты,44-52,шт,Bahor - Yoz
8544,Pj-1036-v3541,Лямка-шорты-муслин,Белый с сердечка муслин лямка шорты,44-52,шт,Bahor - Yoz
8545,Pj-1036-v3531,Лямка-шорты-муслин,Белый с сердечка муслин лямка шорты,44-52,шт,Bahor - Yoz
8546,Pj-1036-v3543,Лямка-шорты-муслин,Молочный муслин лямка шорты,44-52,шт,Bahor - Yoz
8547,Pj-1036-v3546,Лямка-шорты-муслин,Белый муслин лямка шорты,44-52,шт,Bahor - Yoz
8548,Pj-1036-v3529,Лямка-шорты-муслин,Голубой с бантук муслин лямка шорты,44-52,шт,Bahor - Yoz
8708,Pj-1036-v3534,Лямка-шорты-муслин,Белый с бантук муслин лямка шорты,44-52,шт,Bahor - Yoz
6596,PJ-1044v-1372,Майка шорты,Молочный Матлюба опа майка шорты,54-58,шт,Bahor - Yoz
6597,PJ-1044v-v1372,Майка шорты,Молочный Матлюба опа майка шорты,60-64,шт,Bahor - Yoz
6599,Pj-1044-1371,Майка шорты,Горчичный роза майка шорты Матлюба опа,54-58,шт,Bahor - Yoz
6600,PJ-1044v-v1371,Майка шорты,Горчичный Матлюба опа майка шорты,60-64,шт,Bahor - Yoz
6604,PJ-1044-v1350,Майка шорты,Хаки Матлюба опа майка шорты,56-62,шт,Bahor - Yoz
6629,PJ-1044-v1349,Майка шорты,Горчичный роза майка шорта Матлюба опа,54-64,шт,Bahor - Yoz
6638,PJ-1042-v1341,Майка шорты,Коричневый майка шорты,44-54,шт,Bahor - Yoz
6661,PJ-1042-v1342,Майка шорты,Жёлтый майка шорты,44-54,шт,Bahor - Yoz
6696,PJ-1042-v1424,Майка шорты,Оранжевый майка шорты,44-54,шт,Bahor - Yoz
6755,PJ-1042-v1425,Майка шорты,Оранжевый майка шорты,44-54,шт,Bahor - Yoz
6822,PJ-1042-v1481,Майка шорты,Хаки роза майка шорты,44-54,шт,Bahor - Yoz
6863,PJ-1054-v1677,Майка шорты,Сердечка белый майка шорты жаккард,44-52,шт,Bahor - Yoz
6894,PJ-1044-v1604,Майка шорты,Зелёный Матлюба опа майка шорты,54-62,шт,Bahor - Yoz
8934,KJ-13016-v4025,Майка-шорты,Голубой майка шорты,46-54,шт,Bahor - Yoz
8935,KJ-13016-v4022,Майка-шорты,Зелёный майка шорты,46-54,шт,Bahor - Yoz
8947,KJ-13016-v4021,Майка-шорты,Малиновый майка шорты,46-54,шт,Bahor - Yoz
8960,kj-13016-v4024,Майка-шорты,Красный майка шорты,46-54,шт,Bahor - Yoz
9012,KJ-13016-v4023,Майка-шорты,Молочный майка шорты,46-54,шт,Bahor - Yoz
6933,Pj-1054-v1702,Майка-шорты-жаккард,Сердечка розовый жаккард майка шорты,44-52,шт,Bahor - Yoz
6963,PJ-1054-v1735,Майка-шорты-жаккард,Сердечка белый жаккард майка шорты,44-52,шт,Bahor - Yoz
7024,Pj-1054-v1872,Майка-шорты-жаккард,Лимон белый жаккард майка шорты,44-52,шт,Bahor - Yoz
7750,XJ-3077-v2706,Махровый,Коричневый махровый  халат,46-54,шт,Kuz - Qish
7752,XJ-3077-v2708,Махровый,Голубой махровый  халат,46-54,шт,Kuz - Qish
7811,XJ-3077-v2707,Махровый,Хаки махровый халат,46-54,шт,Kuz - Qish
7834,XJ-3077-v2791,Махровый,Бордовый махровый,46-54,шт,Kuz - Qish
7879,XJ-3077-v2709,Махровый,Грязный махровый халат,46-54,шт,Kuz - Qish
7966,XJ-3077-v2957,Махровый,Т-синий махровый халат,44-54,шт,Kuz - Qish
4653,МП-18067,Муж трёхнитка,Орел коричневый трёхнитка спортивка,48-56,шт,Kuz - Qish
4691,МП-18053,Муж трёхнитка,Орел т-синий трёхнитка спортивка,48-56,шт,Kuz - Qish
4692,МП-18059,Муж трёхнитка,Орел хаки трёхнитка спортивка,48-56,шт,Kuz - Qish
4693,МП-18063,Муж трёхнитка,Орел чёрный трёхнитка спортивка,48-56,шт,Kuz - Qish
4717,МП-18054,Муж трёхнитка,Орел т-синий замок трёхнитка спортивка,48-56,шт,Kuz - Qish
4718,МП-18060,Муж трёхнитка,Орел хаки замок трёхнитка спортивка,48-56,шт,Kuz - Qish
4719,МП-18064,Муж трёхнитка,Орел замок чёрный трёхнитка спортивка,48-56,шт,Kuz - Qish
4720,МП-18068,Муж трёхнитка,Орел кофейный трёхнитка спортивка,48-56,шт,Kuz - Qish
4759,МП-18051,Муж трёхнитка,М т-синий замок мужской трёхнитка спортивка,48-56,шт,Kuz - Qish
4760,МП-18057,Муж трёхнитка,М зелёный замок мужской трёхнитка спортивка,48-56,шт,Kuz - Qish
4761,МП-18061,Муж трёхнитка,М чёрный замок мужской трёхнитка спортивка,48-56,шт,Kuz - Qish
4762,МП-18065,Муж трёхнитка,М коричневый замок мужской трёхнитка спортивка,48-56,шт,Kuz - Qish
4792,МП-18052,Муж трёхнитка,Т-синий замок мужской трёхнитка спортивка,48-56,шт,Kuz - Qish
4793,МП-18058,Муж трёхнитка,Хаки замок мужской трёхнитка спортивка,48-56,шт,Kuz - Qish
4794,МП-18062,Муж трёхнитка,Чёрный замок мужской трёхнитка спортивка,48-56,шт,Kuz - Qish
4795,МП-18066,Муж трёхнитка,Коричневый замок мужской трёхнитка спортивка,48-56,шт,Kuz - Qish
5224,МП-18132,Мужской пижама ёка д/р,Вергул т-синий с воротником мужской пижама д/р,48-58,шт,Kuz - Qish
5232,МП-18133,Мужской пижама ёка д/р,Матритса т-синий с воротником мужской пижама д/р,48-58,шт,Kuz - Qish
5353,МП-18113,Мужской пижама ёка д/р,Перамида синий с воротником мужской пижама д/р,48-58,шт,Kuz - Qish
5381,МП-18144,Мужской пижама ёка д/р,Лего т-синий с воротником мужской пижама д/р,48-58,шт,Kuz - Qish
5403,МП-18100,Мужской пижама ёка д/р,Невер т-синий пуговица мужской пижама д/р,48-58,шт,Kuz - Qish
6699,PM-7003-v1336,Мужской фут-штаны,Коричневый мужской футболка штаны,48-56,шт,Bahor - Yoz
6983,PM-7003-v1337,Мужской фут-штаны,Т-синий пуговица мужской футболка штаны,48-56,шт,Bahor - Yoz
8033,PM-7008-v2834,Мужской фут-штаны,Коричневый мужской футболка штаны,48-58,шт,Bahor - Yoz
8549,Pm-7010-v3659,Мужской фут-штаны,Т-синий - жёльтый клетка мужской футболка штаны,48-56,шт,Bahor - Yoz
8572,Pm-7008-v3633,Мужской фут-штаны,Чёрный с пуговица клетка мучсой футболка штаны,48-58,шт,Bahor - Yoz
8598,PM-7010-v3660,Мужской фут-штаны,Т-синий клетка мужской футболка штаны,48-56,шт,Bahor - Yoz
8671,PM-7008-v3755,Мужской фут-штаны,Коричневый с пуговица клетка мужской футболка штаны,48-58,шт,Bahor - Yoz
8706,PM-7010-v3753,Мужской фут-штаны,Коричневый клетка мужской футболка штаны,48-56,шт,Bahor - Yoz
8714,Pm-7010-v3754,Мужской фут-штаны,Коричневый клетка мужской футболка штаны,48-56,шт,Bahor - Yoz
8720,Pm-7010-v3802,Мужской фут-штаны,Т-синий клетка мужской футболка штаны,48-56,шт,Bahor - Yoz
7386,MV-15003-v2139,Мужской-ветровка,Т-синий чёрный мужской капюшон ветровка,48-56,шт,Kuz - Qish
7413,MV-15001-v1732,Мужской-ветровка,Белый плашовка капюшон,48-56,шт,Kuz - Qish
7415,MV-15003-v2138,Мужской-ветровка,Коричневый капюшон мужской ветровка,48-56,шт,Kuz - Qish
6170,РМ-7001-v891,Мужской-ёка-пижама-к/р,Серый клетка мужская пижама с воротником футболка штаны,48-58,шт,Bahor - Yoz
6196,BM-7001-v892,Мужской-ёка-пижама-к/р,Клетка зелёный с воротником мужской пижама к/р,48-58,шт,Bahor - Yoz
6223,PM-7001-v960,Мужской-ёка-пижама-к/р,Клетика с воротником мужской пижама к/р,48-58,шт,Bahor - Yoz
6262,PM-7002-v1012,Мужской-ёка-пижама-к/р,Клетка белый с воротником межской пижама к/р,48-58,шт,Bahor - Yoz
6293,PM-7001-v893,Мужской-ёка-пижама-к/р,Клетка серый полоса с воротником мужской пижама к/р,48-58,шт,Bahor - Yoz
8084,pm-7007-v2837,Мужской-ёка-пижама-к/р,Клетка с воротником мужской пижама к/р,48-58,шт,Kuz - Qish
8085,pm-7007-v2836,Мужской-ёка-пижама-к/р,Зелённный клетка с воротником мужской пижама к/р,48-58,шт,Kuz - Qish
8245,PM-7007-v3115,Мужской-ёка-пижама-к/р,Клетка с воротником мужской пижама к/р,48-58,шт,Bahor - Yoz
8253,PM-7007-v3208,Мужской-ёка-пижама-к/р,Клетка с воротником мужской пижама к/р,48-58,шт,Bahor - Yoz
8350,PM-7007-v3426,Мужской-ёка-пижама-к/р,Клетка с воротником мужской пижама к/р,48-58,шт,Bahor - Yoz
8359,PM-7007-v3425,Мужской-ёка-пижама-к/р,Клетка с воротником мужской пижама к/р,48-58,шт,Bahor - Yoz
8516,Pm-7007-v3632,Мужской-ёка-пижама-к/р,Клетка с воротником мужской пижама,48-58,шт,Bahor - Yoz
8522,Pm-7007-v3629,Мужской-ёка-пижама-к/р,Клетка с воротником к/р мужской пижама,48-58,шт,Bahor - Yoz
8531,Pm-7007-v3587,Мужской-ёка-пижама-к/р,Жёлтый клетка с воротником мужской пижама,48-58,шт,Bahor - Yoz
8542,Pm-7007-v3631,Мужской-ёка-пижама-к/р,Жёлтый клетка с воротником мужской пижама,48-58,шт,Bahor - Yoz
8593,pm-7007-v3586,Мужской-ёка-пижама-к/р,Клетка с воротником мужской пижама,48-58,шт,Bahor - Yoz
8603,PM-7007-v3663,Мужской-ёка-пижама-к/р,Клетка с воротником мужской к/р пижама,48-58,шт,Bahor - Yoz
8617,Pm-7007-v3758,Мужской-ёка-пижама-к/р,Клетка с воротником к/р мужской пижама,48-58,шт,Bahor - Yoz
8684,PM-7007-v3767,Мужской-ёка-пижама-к/р,Коричневый с воротником клетка мужской к/р пижама,48-58,шт,Bahor - Yoz
8707,PM-7007-v3585,Мужской-ёка-пижама-к/р,Клетка с воротником к/р мужской пижама,48-58,шт,Kuz - Qish
8709,Pm-7007-v3630,Мужской-ёка-пижама-к/р,Клетка с воротником мужской пижама,48-58,шт,Bahor - Yoz
8743,PM-7007-v3789,Мужской-ёка-пижама-к/р,Чёрный с воротником полоса мужской к/р пижама,48-58,шт,Bahor - Yoz
8790,PM-7007-v3858,Мужской-ёка-пижама-к/р,Т-синий клетка с воротником мужской к/р пижама,48-58,шт,Bahor - Yoz
8812,Pm-7007-v3766,Мужской-ёка-пижама-к/р,Клетка с воротником мужской пижама к/р,48-58,шт,Bahor - Yoz
8820,PM-7007-v3918,Мужской-ёка-пижама-к/р,Клетка Мужской с воротником  Пижама к/р,48-58,шт,Bahor - Yoz
7246,MF-9006-v2107,Мужской-Лонгслив,Т-синий Authentic мужской лонгслив д/р,48-56,шт,Bahor - Yoz
7280,MF-9006-v2043,Мужской-Лонгслив,Т-синий мужской лонгслив,48-56,шт,Bahor - Yoz
7688,PM-7005-v2617,Мужской-пижама-д/р,Т-синий мужской пидама д/р,48-58,шт,Kuz - Qish
7734,PM-7005-v2536,Мужской-пижама-д/р,Т-синий мужской пижама д/р,48-58,шт,Kuz - Qish
7735,PM-7005-v2537,Мужской-пижама-д/р,Чёрный пуговица пижама д/р,48-58,шт,Kuz - Qish
7736,PM-7005-v2619,Мужской-пижама-д/р,Т-синий мужской пижама д/р,48-58,шт,Kuz - Qish
7737,PM-7005-v2618,Мужской-пижама-д/р,Т-синий мужской пижама д/р,48-58,шт,Kuz - Qish
7776,PM-7005-v2519,Мужской-пижама-д/р,Клетка т-синий мужской пижама д/р,48-58,шт,Kuz - Qish
7183,MK-18001-v1918,Мужской-пижама-двухнитка,Evolution серый двухнитка мужской пижама д/р,48-56,шт,Bahor - Yoz
7213,MK-18001-v2037,Мужской-пижама-двухнитка,Evolution Чёрный мужской двухнитка пижама д/р,48-56,шт,Bahor - Yoz
7416,MK-18003-v2112,Мужской-пижама-двухнитка,Голубой мужской двухнитка,48-56,шт,Kuz - Qish
7417,MK-18003-v2110,Мужской-пижама-двухнитка,Молочный двухнитка мужской д/р,48-56,шт,Kuz - Qish
7465,MK-18002-v1976,Мужской-пижама-двухнитка,Фиолетовый двухнитка мужской спортивка,46-54,шт,Kuz - Qish
7220,MR-12002-v1876,Мужской-рубашка-д/р,Клетка бедый с воротником мужской рубашка д/р,48-58,шт,Bahor - Yoz
7256,MR-12002-v1940,Мужской-рубашка-д/р,Клетка синий с воротником рубашка,48-56,шт,Bahor - Yoz
6257,MF-9002-v1068,Мужской-футболка,Мужской футболка Моунтаин серый,48-56,шт,Bahor - Yoz
6258,MF-9002-v1067,Мужской-футболка,Мужской футболка моунтаин  Хаки,48-56,шт,Bahor - Yoz
6259,MF-9002-1063,Мужской-футболка,Мужской футболка печат Зелёный,48-56,шт,Bahor - Yoz
6260,MF-9002-v1069,Мужской-футболка,Мужской футболка печат Серый,48-56,шт,Bahor - Yoz
6261,MF-9001-v1051,Мужской-футболка,Мужской футболка Бежевый,48-56,шт,Bahor - Yoz
6284,MF-9002-v1070,Мужской-футболка,Мужской футболка печат Бежевый,48-56,шт,Bahor - Yoz
6285,MF-9002-v1064,Мужской-футболка,Мужской футболка печат Тёмно-серый,48-56,шт,Bahor - Yoz
6286,MF-9002-v1062,Мужской-футболка,Мужской футболка печат Тёмно-синий,48-56,шт,Bahor - Yoz
6287,MF-9002-v1059,Мужской-футболка,Мужской футболка печат Меланжевый,48-56,шт,Bahor - Yoz
6288,MF-9002-v1060,Мужской-футболка,Мужской футболка печат Тёмно-синий,48-56,шт,Bahor - Yoz
6289,MF-9002-v1061,Мужской-футболка,Мужской футболка печат Меланжевый,48-56,шт,Bahor - Yoz
6290,MF-9002-v1063,Мужской-футболка,Мужской футбока печат Голубой,48-56,шт,Bahor - Yoz
6317,MF-9001-v1045,Мужской-футболка,Мужской футболка чёрный,48-56,шт,Bahor - Yoz
6320,MF-9001-v1046,Мужской-футболка,Мужской футболка  белый,48-56,шт,Bahor - Yoz
6322,MF-9001-v1047,Мужской-футболка,Мужской футболка  тёмно-синий,48-56,шт,Bahor - Yoz
6324,MF-9001-v1048,Мужской-футболка,Мужской футболка  светло-серый,48-56,шт,Bahor - Yoz
6325,MF-9001-v1049,Мужской-футболка,Мужской футболка  зелёный,48-56,шт,Bahor - Yoz
6326,MF-9001-v1050,Мужской-футболка,Мужской футболка  меланжевый,48-56,шт,Bahor - Yoz
6327,MF-9001-v1052,Мужской-футболка,Мужской футболка  тёмо-зелёный,48-56,шт,Bahor - Yoz
6328,MF-9001-v1053,Мужской-футболка,Мужской футболка печат капучино,48-56,шт,Bahor - Yoz
6329,MF-9001-v1054,Мужской-футболка,Мужской футболка  антрацит,48-56,шт,Bahor - Yoz
6330,MF-9002-v1055,Мужской-футболка,Мужской футболка печат белый,48-56,шт,Bahor - Yoz
6331,MF-9002-v1057,Мужской-футболка,Мужской футболка печат белый,48-56,шт,Bahor - Yoz
6332,MF-9002-v1065,Мужской-футболка,Мужской футболка печат белый,48-56,шт,Bahor - Yoz
6333,MF-9002-v1056,Мужской-футболка,Мужской футболка печат чёрный,48-56,шт,Bahor - Yoz
6334,MF-9002-v1058,Мужской-футболка,Мужской футболка чёрный,48-56,шт,Bahor - Yoz
6335,MF-9002-v1066,Мужской-футболка,Мужской футболка печат чёрный,48-56,шт,Bahor - Yoz
6768,MF-9003-v1659,Мужской-футболка,Nomad белый мужской футболка,46-54,шт,Bahor - Yoz
6769,MF-9003-v1408,Мужской-футболка,Номад белый мужской футболка,46-54,шт,Bahor - Yoz
6770,MF-9003-v1663,Мужской-футболка,Alatau белый мужской футболка,46-54,шт,Bahor - Yoz
6802,MF-9003-v1661,Мужской-футболка,Белый мужской футболка,46-54,шт,Bahor - Yoz
6803,MF-9003-v1665,Мужской-футболка,Мад белый мужской футболка,46-54,шт,Bahor - Yoz
6815,MF-9003-v1664,Мужской-футболка,Чёрный АЛАТАУ мужской футболка,46-54,шт,Bahor - Yoz
6816,MF-9003-v1660,Мужской-футболка,НОМАД мужской футболка,46-54,шт,Bahor - Yoz
6817,MF-9003-v1666,Мужской-футболка,Мад мужской футболка,46-54,шт,Bahor - Yoz
6818,MF-9003-v1662,Мужской-футболка,Чёрный мужской футболка,46-54,шт,Bahor - Yoz
6820,MF-9003-v1409,Мужской-футболка,Ворлд чёрный мужской футболка,46-54,шт,Bahor - Yoz
6874,MF-9005-v1654,Мужской-футболка,Спорт белый мужской футболка,48-56,шт,Bahor - Yoz
6935,MF-9004-v1647,Мужской-футболка,BMW белый футболка мужской,38-50,шт,Bahor - Yoz
6980,MP-16001-v1731,Мужской-футболка,Поло белый мужской футболка,48-56,шт,Bahor - Yoz
7027,MP-16002-v1743,Мужской-футболка,Серый с воротником мужской футболка,48-56,шт,Bahor - Yoz
7113,MP-16002-v1907,Мужской-футболка,Чёрный с воротником мужской футболка,48-56,шт,Bahor - Yoz
7270,MP-16002-v1908,Мужской-футболка,Чёрный мужской с воротником футболка,48-56,шт,Bahor - Yoz
9008,MF-9008-v4113,Мужской-футболка,Белый мужской футболка,48-56,шт,Bahor - Yoz
7218,BM-8002-v1613,Мужской-штаны-двухнитка,Чёрный мужской штаны,48-56,шт,Bahor - Yoz
7274,bm-8002-v1729,Мужской-штаны-двухнитка,Т-синий мужской двухнитка штаны,48-56,шт,Bahor - Yoz
7495,BM-8002-v1916,Мужской-штаны-двухнитка,Чёрный двухнитка мужской штаны,48-56,шт,Kuz - Qish
7621,BM-8005-v2488,Мужской-штаны-двухнитка,Серый мужской двухнитка штаны,48-56,шт,Kuz - Qish
7636,BM-8005-v2487,Мужской-штаны-двухнитка,Т-синий мужской двухнитка штаны,48-56,шт,Kuz - Qish
8065,BM-8008-V2995,Мужской-штаны-двухнитка,Т-синий мужской штаны двхунитка,48-56,шт,Kuz - Qish
8143,BM-8008-v2997,Мужской-штаны-двухнитка,Чёрный двухнитка мужской штаны,48-56,шт,Kuz - Qish
8237,BM-8007-v2993,Мужской-штаны-двухнитка,Чёрный мужской двухнитка штаны,48-56,шт,Kuz - Qish
6185,PJ-1036-v958,Муслин лямка-шорты,Муслин коричневый сердечка лямка шорты,44-52,шт,Bahor - Yoz
6189,Pj-1036-v888,Муслин лямка-шорты,Сердечка белый лямка шорты,44-52,шт,Bahor - Yoz
6201,PJ-1036-v885,Муслин лямка-шорты,Ананас белый муслин лямка шорты,44-52,шт,Bahor - Yoz
6202,PJ-1036-v880,Муслин лямка-шорты,Роза белый муслин лямка шорты,44-52,шт,Bahor - Yoz
6205,PJ-1036-v883,Муслин лямка-шорты,Сердечка белый лямка шорты,44-52,шт,Bahor - Yoz
6274,PJ-1036-v881,Муслин лямка-шорты,Сердечка муслин лямка шорты,44-52,шт,Bahor - Yoz
6276,Pj-1036-v887,Муслин лямка-шорты,Сердечка микс муслин лямка шорты,44-52,шт,Bahor - Yoz
6298,PJ-1036-v884,Муслин лямка-шорты,Роза белый муслин лямка шорты,44-52,шт,Bahor - Yoz
6632,PJ-1036-v882,Муслин лямка-шорты,Коричневый сердечка лямка шорты,44-52,шт,Bahor - Yoz
6305,PJ-1038-v1017,Муслин футболка шорты,Оранжевый муслин футболка шорты,46-54,шт,Bahor - Yoz
6306,Pj-1038-v1018,Муслин футболка шорты,Зелёный муслин футболка шорты,46-54,шт,Bahor - Yoz
6346,PJ-1038-V1019,Муслин футболка шорты,Салатовый муслин футболка шорты,46-54,шт,Bahor - Yoz
6347,PJ-1038-v1016,Муслин футболка шорты,Бордовый муслин футболка шорты,46-54,шт,Bahor - Yoz
8436,pj-1140-v3497,Муслин футболка шорты,Полоса с воротником муслин футболка шорты,44-52,шт,Bahor - Yoz
8466,Pj-1140-v3498,Муслин футболка шорты,Полоса с воротником Муслин футболка шорты,44-52,шт,Bahor - Yoz
8485,Pj-1140-v3496,Муслин футболка шорты,Розовый полоса муслин футболка шорты,44-52,шт,Bahor - Yoz
8492,Pj-1140-v3495,Муслин футболка шорты,Жёлтый полоса с воротником муслин футболка шорты,44-52,шт,Bahor - Yoz
7077,pj-1036-v1859,Муслин-лямка-шорты,Розовый квадрат муслин лямка шорты,44-52,шт,Bahor - Yoz
7086,PJ-1036-v1861,Муслин-лямка-шорты,Авокадо муслин лямка шорты,44-52,шт,Bahor - Yoz
7096,PJ-1036-v1862,Муслин-лямка-шорты,Сердечка белый муслин лямка шорты,44-52,шт,Bahor - Yoz
7124,Pj-1036-v1860,Муслин-лямка-шорты,Розовый клетка муслин лямка шорты,44-52,шт,Bahor - Yoz
7125,Pj-1036-v1863,Муслин-лямка-шорты,Сердечка белый муслин лямка шорты,44-52,шт,Bahor - Yoz
7139,Pj-1036-v1864,Муслин-лямка-шорты,Квадрат голубой муслин лямка шорты,44-52,шт,Bahor - Yoz
8739,PG-10502-v3808,Подростковый ёка пижама к/р,Сиреневый с воротником к/р детский пижама,122-152,шт,Bahor - Yoz
7653,PB-10003-v2441,Подростковый новогодный пижама д/р,Олень красный пуговица подростоквый пижама д/р,128-152,шт,Kuz - Qish
7655,PB-10003-v2529,Подростковый новогодный пижама д/р,Винтер т-синий пуговица подростоквый пижама д/р,128-152,шт,Kuz - Qish
7656,PB-10005-v2531,Подростковый новогодный пижама д/р,Винтер т-синий пуговица подростковый пижама д/р,98-122,шт,Kuz - Qish
7674,PB-10005-v2440,Подростковый новогодный пижама д/р,Красный подростковый пижама д/р,98-122,шт,Kuz - Qish
7721,PB-10003-v2431,Подростковый новогодный пижама д/р,Красный пуговица подростковый пижама д/р,122-152,шт,Kuz - Qish
7788,PB-10003-v2530,Подростковый новогодный пижама д/р,Красный олень полростковый пижама д/р,128-152,шт,Kuz - Qish
7789,PB-10005-v2532,Подростковый новогодный пижама д/р,Красный олень подростковый пижама д/р,98-122,шт,Kuz - Qish
7799,PG-10507-v2705,Подростковый новогодный пижама д/р,Красный подростковый новогодный пижама д/р,134-164,шт,Kuz - Qish
7805,PG-10508-v2704,Подростковый новогодный пижама д/р,Красный подростковый новогодный пижама д/р,98-128,шт,Kuz - Qish
7806,PB-10005-v2767,Подростковый новогодный пижама д/р,Т-синий подростковый пижама д/р,98-128,шт,Kuz - Qish
7808,Pb-10006-v2769,Подростковый новогодный пижама д/р,Т-синий ёлка полдростковый пижама д/р,134-164,шт,Kuz - Qish
7852,PB-10004-v2872,Подростковый новогодный пижама д/р,Т-синий с воротником подростковый пижама д/р,122-152,шт,Kuz - Qish
7857,PB-10006-v2778,Подростковый новогодный пижама д/р,Чёрный подростковый новогодный пижама д/р,134-164,шт,Kuz - Qish
7865,PB-10006-v2904,Подростковый новогодный пижама д/р,Т-синий ёлка подростоквый пижама д/р,134-164,шт,Kuz - Qish
7869,PG-10507-v2775,Подростковый новогодный пижама д/р,Красный белыв подростковый пижама д/р,134-164,шт,Kuz - Qish
7871,PB-10005-v2905,Подростковый новогодный пижама д/р,Т-синий ёлта подростковый пижама д/р,98-104,шт,Bahor - Yoz
7876,PB-10005-v2777,Подростковый новогодный пижама д/р,Хеппий т-синий подростоквый новогодный пижама д/р,98-128,шт,Kuz - Qish
7885,PG-10508-v2774,Подростковый новогодный пижама д/р,Красный новогодный подростоквый пижама д/р,98-128,шт,Kuz - Qish
7886,PB-10005-v2783,Подростковый новогодный пижама д/р,Т-синий подростокывый пижама д/р,98-128,шт,Kuz - Qish
7890,PB-10006-v2772,Подростковый новогодный пижама д/р,Чёрный подростоквый пижама д/р,134-164,шт,Kuz - Qish
7891,PB-10006-v2784,Подростковый новогодный пижама д/р,Чёрный подростоквый пижама д/р,134-164,шт,Kuz - Qish
7892,PB-10005-v2771,Подростковый новогодный пижама д/р,Чёрный белив подростоквый пижама д/р,98-128,шт,Kuz - Qish
7893,PG-10508-v2786,Подростковый новогодный пижама д/р,Красный подростоквый пижама д/р,98-128,шт,Kuz - Qish
7894,PG-10507-v2787,Подростковый новогодный пижама д/р,Красный подростоквый пижама д/р,134-164,шт,Kuz - Qish
7895,PG-10507-v2909,Подростковый новогодный пижама д/р,Мор подростоквый пижама д/р,134-164,шт,Kuz - Qish
7896,PG-10508-v2908,Подростковый новогодный пижама д/р,Мор подростковый пижама д/р,98-128,шт,Kuz - Qish
7900,PG-10507-v2781,Подростковый новогодный пижама д/р,Красный подростоквый новогодный пижама д/р,134-164,шт,Kuz - Qish
7922,PG-10508-v2780,Подростковый новогодный пижама д/р,Красный хеппий подростоквый пижама д/р,98-128,шт,Kuz - Qish
7932,PG-10509-v2918,Подростковый новогодный пижама д/р,Красный подростковый пижама д/р,98-128,шт,Kuz - Qish
7933,PG-10510-v2919,Подростковый новогодный пижама д/р,Красный подростоквый пижама д/р,134-164,шт,Kuz - Qish
7936,PG-10507-v2937,Подростковый новогодный пижама д/р,Красный подростковый пижама д/р,134-164,шт,Kuz - Qish
7937,PG-10508-v2936,Подростковый новогодный пижама д/р,Красный подростковый пижама д/р,98-128,шт,Kuz - Qish
7941,PB-10006-v2932,Подростковый новогодный пижама д/р,Т-синий карман подсротковый пижама д/р,134-164,шт,Kuz - Qish
7942,PB-10006-v2941,Подростковый новогодный пижама д/р,Т-синий чёрный подростоквый пижама д/р,134-164,шт,Kuz - Qish
7943,PB-10005-v2933,Подростковый новогодный пижама д/р,Т-синий подростоквый пижама д/р,98-128,шт,Kuz - Qish
7944,PG-10508-v2952,Подростковый новогодный пижама д/р,Красный подростьковый пижама д/р,98-128,шт,Kuz - Qish
7945,PG-10507-v2953,Подростковый новогодный пижама д/р,Красный подростковый пижама д/р,134-164,шт,Kuz - Qish
7954,PB-10008-v2915,Подростковый новогодный пижама д/р,Т-синий подростоквый пижама д/р,98-128,шт,Kuz - Qish
7955,PB-10007-v2914,Подростковый новогодный пижама д/р,Т-синий подростоквый пижама д/р,134-164,шт,Kuz - Qish
7959,PG-10507-v2946,Подростковый новогодный пижама д/р,Красный подростоквый пижама д/р,134-164,шт,Kuz - Qish
7969,PG-10508-v2945,Подростковый новогодный пижама д/р,Красный подростоковый пижама д/р,98-128,шт,Kuz - Qish
8039,PG-10511-v3030,Подростковый новогодный пижама д/р,Красыный подростоквый пижама д/р,122-152,шт,Kuz - Qish
8059,PB-10009-v3029,Подростковый новогодный пижама д/р,Т-синий подростковый пижама д/р,122-152,шт,Kuz - Qish
7299,PG-10505-V2169,Подростковый новогодный с воротником пижама д/р,Красный пуговица с воротником пижама к/р,122-152,шт,Kuz - Qish
7318,Pg-10505-v2171,Подростковый новогодный с воротником пижама д/р,Клетка красный с воротником подростковый пижама д/р,122-152,шт,Kuz - Qish
7356,PG-10505-v2269,Подростковый новогодный с воротником пижама д/р,Клетка красный с воротниокм подростоквый пижама д/р,122-152,шт,Kuz - Qish
7357,Pg-10505-v2172,Подростковый новогодный с воротником пижама д/р,Клетка красный с воротником пижама д/р подростковый,122-152,шт,Kuz - Qish
7442,PG-10505-v2279,Подростковый новогодный с воротником пижама д/р,Олень красный с воротником подростоквый пижама д/р,122-152,шт,Kuz - Qish
7594,PG-10505-v2170,Подростковый новогодный с воротником пижама д/р,Т-синий ёлка с воротником подростковый пижама д/р,122-152,шт,Kuz - Qish
7652,PG-10505-v2540,Подростковый новогодный с воротником пижама д/р,Клетка красный с воротником подростоквый пижама д/р,122-152,шт,Kuz - Qish
7821,PB-10004-v2433,Подростковый новогодный с воротником пижама д/р,Канфет красный своротником подростоквый пижама д/р,122-152,шт,Kuz - Qish
7829,PG-10505-v2463,Подростковый новогодный с воротником пижама д/р,Красный с воротником пижама подростковый д/р,122-152,шт,Kuz - Qish
7884,Pg-10505-v2870,Подростковый новогодный с воротником пижама д/р,Красный с воротником подростоквый новогодный пижама д/р,122-152,шт,Kuz - Qish
7408,PB-10002-v2267,Подростковый пижама д/р,Пингвин красный пуговица пижама д/р,122-152,шт,Kuz - Qish
6709,PG-10501-v1115,Подростковый-ёка-д/р,Молочный с воротником пижама подростковый д/р,122-152,шт,Kuz - Qish
6721,PG-10001-v1114,Подростковый-ёка-д/р,Подростковый с воротником подростоквый пижама д/р,122-152,шт,Kuz - Qish
7090,PG-10505-v1946,Подростковый-ёка-д/р,ЖЁлтый ананас подростковый с воротником пижама д/р,122-152,шт,Bahor - Yoz
7237,Pg-10505-v1962,Подростковый-ёка-д/р,Роза молочный с воротником пижама д/р,122-152,шт,Bahor - Yoz
7072,PG-10502-v1820,Подростковый-ёка-к/р,Клетка с воротником подростковый пижама к/р,122-152,шт,Bahor - Yoz
7078,Pg-10502-v1825,Подростковый-ёка-к/р,Сердечка белый с воротником подростковый пижама к/р,122-152,шт,Bahor - Yoz
7135,Pg-10504-v1932,Подростковый-ёка-к/р,Сердечка муслин с воротником подростковый пижама к/р,122-152,шт,Bahor - Yoz
7136,Pg-10504-v1931,Подростковый-ёка-к/р,Бабочка белый с воротником муслин подростковый пижама к/р,122-152,шт,Bahor - Yoz
7137,Pg-10504-v1930,Подростковый-ёка-к/р,Муслин белый с воротником подростковый пижама к/р,122-152,шт,Bahor - Yoz
7147,Pg-10504-v1933,Подростковый-ёка-к/р,Тигр белый муслин с воротником подростковый пижама к/р,122-152,шт,Bahor - Yoz
7067,PG-10506-v1982,Подростковый-пижама-д/р,Бабочка розовый пуговица подростковый пижама д/р,128-152,шт,Bahor - Yoz
7091,Pg-10506-v1979,Подростковый-пижама-д/р,Роза белый кришота жаккард подростковый пижама д/р,128-152,шт,Bahor - Yoz
7092,Pg-10503-v1873,Подростковый-пижама-д/р,Роза белый жаккард кришота подростковый пижама д/р,98-122,шт,Bahor - Yoz
7105,PG-10503-v1901,Подростковый-пижама-д/р,Голубой кришота жаккард подростковый пижама д/р,98-122,шт,Bahor - Yoz
7106,PG-10506-v1984,Подростковый-пижама-д/р,Голубой бабочка кришота подростковый жаккард пижама д/р,128-152,шт,Bahor - Yoz
7108,PG-10503-v1905,Подростковый-пижама-д/р,Бабочка розовый кришота жаккард пижама д/р,98-122,шт,Bahor - Yoz
7172,PG-10503-v1897,Подростковый-пижама-д/р,Жёлтый бабочка подростковый кришота пижама жаккард д/р,98-122,шт,Bahor - Yoz
7173,PG-10506-v1983,Подростковый-пижама-д/р,Жёлтый бабочка кришота жаккард подростковый пижама д/р,128-152,шт,Bahor - Yoz
7561,DK-18002-v2040,Подростковый-пижама-д/р,Лабубу голубой подростковый пижама д/р,98-122,шт,Kuz - Qish
7562,dk-18002-V2039,Подростковый-пижама-д/р,Лабубу коричневый подростковый пижама д/р,98-122,шт,Kuz - Qish
7563,DK-18002-v2095,Подростковый-пижама-д/р,Лабубу голубой подростковый пижама д/р,98-122,шт,Kuz - Qish
7588,DK-18002-v2090,Подростковый-пижама-д/р,Лабубу коричневый подростковый пижама д/р,98-122,шт,Kuz - Qish
7589,DK-18002-v2088,Подростковый-пижама-д/р,Коричневый лабубу подростоквый пижама д/р,98-122,шт,Kuz - Qish
7590,DK-18002-v2091,Подростковый-пижама-д/р,Лабубу подростковый пижама д/р,98-122,шт,Kuz - Qish
7591,DK-18002-v2087,Подростковый-пижама-д/р,Лабубу подростковый пижама д/р,98-122,шт,Kuz - Qish
7592,DK-18002-v2089,Подростковый-пижама-д/р,Лабубу подростоквый пижама д/р,98-122,шт,Kuz - Qish
7596,DK-18002-v2093,Подростковый-пижама-д/р,Лабубу серый подростковый пижама д/р,98-122,шт,Kuz - Qish
8566,PG-10513-v3735,Подростковый-пижама-жаккард,Голубой с бантук детский жаккард к/р пижама,122-152,шт,Bahor - Yoz
6970,FB-14001-v1730,Подростковый-футболка,Белый подростковый футболка,116-164,шт,Bahor - Yoz
6988,BP-17001-v1744,Подростковый-футболка,Белый с воротником подростковый футболка,122-152,шт,Bahor - Yoz
8584,PG-10512-v3699,Подростоквый-пижама-лафша,Молочный к/р детский  лафша пижама,122-152,шт,Bahor - Yoz
8597,Pg-10512-v3729,Подростоквый-пижама-лафша,Серый лапша детский пижама,122-152,шт,Bahor - Yoz
8620,PG-10512-v3698,Подростоквый-пижама-лафша,Молочный лапша детский пижама,122-152,шт,Bahor - Yoz
8631,PG-10512-v3697,Подростоквый-пижама-лафша,Молочный лапша детский пижама,122-152,шт,Bahor - Yoz
8675,PG-10512-v3695,Подростоквый-пижама-лафша,Белый лапша детский пижама,122-152,шт,Bahor - Yoz
8780,PG-10512-v3804,Подростоквый-пижама-лафша,Коричневый Детский лапша пижама,122-152,шт,Bahor - Yoz
8785,PG-10512-v3696,Подростоквый-пижама-лафша,Мята детский пижама,122-152,шт,Bahor - Yoz
7148,DK-18001-v2052,Подростоквый-фут-шорты,Лабубу серый подростоквый футболка шорты,98-140,шт,Bahor - Yoz
7149,DK-18001-v1853,Подростоквый-фут-шорты,Лабубу грязный подростковый футболка шорты,98-140,шт,Bahor - Yoz
7150,DK-18001-v1855,Подростоквый-фут-шорты,Розовый лабубу подростковый футболка шорты,98-140,шт,Bahor - Yoz
7151,DK-18001-v2050,Подростоквый-фут-шорты,Грязный лабубу подросктовый футболка шорты,98-140,шт,Bahor - Yoz
7152,DK-18001-v2047,Подростоквый-фут-шорты,Горчичный лабубу подростоквый футболка шорты,98-140,шт,Bahor - Yoz
7153,DK-18001-v2048,Подростоквый-фут-шорты,Грязный лабубу подростковый футболка шорты,98-140,шт,Bahor - Yoz
7154,DK-18001-v1856,Подростоквый-фут-шорты,Розовый лабубу подростковый футболка шорты,98-140,шт,Bahor - Yoz
7155,DK-18001-v1857,Подростоквый-фут-шорты,Серый лабубу подростковый футболка шорты,98-140,шт,Bahor - Yoz
7156,DK-18001-v1851,Подростоквый-фут-шорты,Белый лабубу подростковый футболка шорты,98-140,шт,Bahor - Yoz
7157,DK-18001-v1854,Подростоквый-фут-шорты,Белый лабубу подростоквый футболка шорты,98-140,шт,Bahor - Yoz
7158,DK-18001-v2049,Подростоквый-фут-шорты,Белый лабубу подсротьковый футболка шорты,98-140,шт,Bahor - Yoz
7159,DK-18001-v1852,Подростоквый-фут-шорты,Горчичный лабубу подсротковый футболка шорты,98-140,шт,Bahor - Yoz
7160,DK-18001-v2046,Подростоквый-фут-шорты,Белый Лабубу подростковый футболка шорты,98-140,шт,Bahor - Yoz
7161,DK-18001-v2051,Подростоквый-фут-шорты,Грязный лабубу подростоквый футболка шорты,98-140,шт,Bahor - Yoz
7162,DK-18001-v1858,Подростоквый-фут-шорты,Жёлтый лабубу подростковый футболка шорты,98-140,шт,Bahor - Yoz
7163,DK-18001-v2053,Подростоквый-фут-шорты,Жёлтый лабубу подростковый футболка шорты,98-140,шт,Bahor - Yoz
5854,SJ-4011-v262,Сорочка,Сердечка треугольник сорочка,44-52,шт,Bahor - Yoz
5882,SJ-4015-v1,Сорочка,Средный горох кришота сорочка,48-58,шт,Bahor - Yoz
5892,SJ-4017-v1,Сорочка,Т-синий кружева сорочка,44-54,шт,Bahor - Yoz
5911,SJ-4022-v402,Сорочка,Белый роза кришота сорочка,44-52,шт,Bahor - Yoz
5916,SJ-4017-v2,Сорочка,Бордовый кружева сорочка,44-54,шт,Bahor - Yoz
5917,SJ-4017-v434,Сорочка,Мор кружева сорочка,44-54,шт,Bahor - Yoz
5924,SJ-4023-v494,Сорочка,Аклифай т-синий кришота сорочка,56-66,шт,Bahor - Yoz
5925,SJ-4023-v411,Сорочка,Баттерфлай горох кришота сорочка,56-66,шт,Bahor - Yoz
5929,SJ-4017-v3,Сорочка,Грязный кружева сорочка,44-54,шт,Bahor - Yoz
5932,SJ-4023-v560,Сорочка,Мини строчка кришота сорочка,56-66,шт,Bahor - Yoz
5943,SJ-4015-v562,Сорочка,Мини строчка розовый кришота сорочка,48-58,шт,Bahor - Yoz
5961,SJ-417-432,Сорочка,Чёрный кружева сорочка,44-54,шт,Bahor - Yoz
5975,SJ-4019,Сорочка,Сирень фиолетовый квадрат сорочка,48-58,шт,Bahor - Yoz
5981,SJ-4022,Сорочка,Полоса розовый кришота сорочка,44-52,шт,Bahor - Yoz
5983,SJ-4022-v556,Сорочка,Белый полоса кришота сорочка,44-52,шт,Bahor - Yoz
5994,C-1380,Сорочка,Оранжевый смородина кришота сорочка,48-58,шт,Bahor - Yoz
5995,SJ-4021V-v191,Сорочка,Средный горох кришота сорочка д/р,50-60,шт,Bahor - Yoz
6003,SJ-4022-v359,Сорочка,Сердечка кришота сорочка,44-52,шт,Bahor - Yoz
6146,SJ-4015-v896,Сорочка,Средный горох кришота сорочка,48-58,шт,Bahor - Yoz
6148,SJ-4010-v963,Сорочка,Роза молочный кришота сорочка,48-58,шт,Bahor - Yoz
6159,SJ-4029-v947,Сорочка,Молочный цветок анжелика,44-54,шт,Bahor - Yoz
6160,SJ-4013-v956,Сорочка,Голубой сердечка ч фасон сорочка,44-52,шт,Bahor - Yoz
6212,SJ-4010-v965,Сорочка,Роза голубой кришота сорочка,48-58,шт,Bahor - Yoz
6213,SJ-4010-v995,Сорочка,Смородина розовый кришота сорочка,48-58,шт,Bahor - Yoz
6225,SJ-4010-v1001,Сорочка,Голубой кришота сорочка,48-58,шт,Bahor - Yoz
6227,SJ-4010-v1072,Сорочка,Узор кришота сорочка,48-58,шт,Bahor - Yoz
6237,SJ-4004-v1023,Сорочка,Узор завязка сорочка,48-58,шт,Bahor - Yoz
6244,SJ-4010-v1005,Сорочка,Розовый кришота сорочка,48-58,шт,Bahor - Yoz
6254,SJ-4004-v1000,Сорочка,Голубой завязка сорочка,48-58,шт,Bahor - Yoz
6269,SJ-4004-v1008,Сорочка,Розовый равязка сорочка,48-58,шт,Bahor - Yoz
6295,SJ-4004-v962,Сорочка,Ромашка голубой завязка сорочка,48-58,шт,Bahor - Yoz
6342,SJ-4004-v964,Сорочка,Молочный цветок завяска сорочка,48-58,шт,Bahor - Yoz
6355,SJ-4000-v1141,Сорочка,Сорочка коротким рукавом кужева,46-56,шт,Bahor - Yoz
6434,SJ-4020-v0001,Сорочка,Квадрат ромка пуговица сорочка,48-58,шт,Bahor - Yoz
6435,SJ-4010-v1213,Сорочка,Роза белый кришота сорочка,48-58,шт,Bahor - Yoz
6449,SJ-4004-v1338,Сорочка,Роза  завязка сорочка,46-56,шт,Bahor - Yoz
6499,SJ-4000-v1245,Сорочка,Роза персик кружева сорочка,46-56,шт,Bahor - Yoz
6500,SJ-4000-v1167,Сорочка,Роза розовый кружева сорочка,46-56,шт,Bahor - Yoz
6541,SJ-4004-v1212,Сорочка,Роза белый завязка сорочка,44-52,шт,Bahor - Yoz
6544,sj-4010-v1288,Сорочка,Роза персик пуговица сорочка,48-58,шт,Bahor - Yoz
6548,SJ-4010-v1287,Сорочка,Роза синий кришота сорочка,48-58,шт,Bahor - Yoz
6551,SJ-4030-v1298,Сорочка,Сердечка розовы пуговица сорочка,44-52,шт,Bahor - Yoz
6558,SJ-4030-v1301,Сорочка,Белый пуговица сорочка,44-52,шт,Bahor - Yoz
6559,SJ-4030-v1299,Сорочка,Сердечка розовый пуговица сорочка,44-52,шт,Bahor - Yoz
6569,SJ-4030-v1300,Сорочка,Роза лист голубой пуговица сорочка,44-52,шт,Bahor - Yoz
6583,SJ-4032-v1413,Сорочка,Роза горчичный с воротником сарафан,52-62,шт,Bahor - Yoz
6585,SJ-4030-v1306,Сорочка,Роза голубой пуговица сорочка,44-52,шт,Bahor - Yoz
6586,SJ-4030-v1303,Сорочка,Роза пуговица сорочка,44-52,шт,Bahor - Yoz
6611,SJ-4030-v1304,Сорочка,Роза розовый пуговица сорочка,44-52,шт,Bahor - Yoz
6618,SJ-4004-v1276,Сорочка,Роза завязка сорочка,48-58,шт,Bahor - Yoz
6643,sj-4004-V994,Сорочка,Роза розовый завязка сорочка,48-58,шт,Bahor - Yoz
6644,Sj-4033-v1402,Сорочка,Голубой пуговица кришота сорочка,62-72,шт,Bahor - Yoz
6646,SJ-4010-v1411,Сорочка,Роза розовый кришота сорочка,48-58,шт,Bahor - Yoz
6648,SJ-4010-v1211,Сорочка,Розовый кришота сорочка,48-58,шт,Bahor - Yoz
6649,Sj-4004-v1277,Сорочка,Синий завязка сорочка,48-58,шт,Bahor - Yoz
6652,SJ-4010-v1362,Сорочка,Сердечка бордовый кришота сорочка,48-58,шт,Bahor - Yoz
6653,SJ-4004-v1280,Сорочка,Роза персик завязка сорочка,48-58,шт,Bahor - Yoz
6655,SJ-4033-v1401,Сорочка,Грязный кришота сорочка,54-60,шт,Bahor - Yoz
6656,SJ-4033v-v1402,Сорочка,Голубой кришота сорочка,54-60,шт,Bahor - Yoz
6659,SJ-4004-v1278,Сорочка,Персик роза завязка сорочка,48-58,шт,Bahor - Yoz
6660,SJ-4033v-v1401,Сорочка,Грязный кришота сорочка,62-72,шт,Bahor - Yoz
6713,SJ-4019-v1522,Сорочка,Роза молочный кружева сорочка,48-58,шт,Bahor - Yoz
6718,SJ-4004-v1281,Сорочка,Сердечка бордовый завязка сорочка,48-58,шт,Bahor - Yoz
6724,SJ-4010-v1502,Сорочка,Зебра кришота сорочка,48-58,шт,Bahor - Yoz
6742,SJ-4004-v1587,Сорочка,Роза белый завязка сорочка,48-58,шт,Bahor - Yoz
6757,SJ-4010-v1519,Сорочка,Хаки кришота сорочка,48-58,шт,Bahor - Yoz
6837,SJ-4004-v1625,Сорочка,Роза бордовый завязка сорочка,48-58,шт,Bahor - Yoz
6856,SJ-4010-v1725,Сорочка,Бабочка молочный кришота сорочка,48-58,шт,Bahor - Yoz
6860,SJ-4004-v1521,Сорочка,Белый пугоивца завязка сорочка,48-58,шт,Bahor - Yoz
6870,SJ-4002-v1638,Сорочка,Роза синий пуговица сорочка,48-58,шт,Bahor - Yoz
6873,SJ-4004-v1608,Сорочка,Роза голубой завязка сорочка,48-58,шт,Bahor - Yoz
6891,Sj-4010-v1724,Сорочка,Бабочка кришота сорочка,48-58,шт,Bahor - Yoz
6893,SJ-4000-v1596,Сорочка,Роза молочный кружева сорочка,44-52,шт,Bahor - Yoz
6898,SJ-4010-v1626,Сорочка,Роза оранжевый кришота сорочка,48-58,шт,Bahor - Yoz
6951,SJ-4002-v1518,Сорочка,Голубой пуговица сорочка,48-58,шт,Bahor - Yoz
6955,SJ-4023-v1470,Сорочка,Средный горох кришота сорочка,56-66,шт,Bahor - Yoz
6975,SJ-4010-v1778,Сорочка,Молочный кришота сорочка,48-58,шт,Bahor - Yoz
6976,Sj-4010-v1794,Сорочка,Голубой кришота сорочка,48-58,шт,Bahor - Yoz
6977,SJ-4010-v1792,Сорочка,Молочный кришота сорочка,48-58,шт,Bahor - Yoz
6982,sj-4004-v1279,Сорочка,Голубой сорочка завязка,48-58,шт,Bahor - Yoz
6996,sj-4010-v1822,Сорочка,Розовый полоса кришота сорочка,48-58,шт,Bahor - Yoz
6999,sj-4037-v1826,Сорочка,Роза кришота жаккард сорочка,44-52,шт,Bahor - Yoz
7004,sj-4004-v1821,Сорочка,Полоса розовый завязка сорочка,48-58,шт,Bahor - Yoz
7005,Sj-4004-v1793,Сорочка,Персик завязка сорочка,48-58,шт,Bahor - Yoz
7041,Sj-4004-v1843,Сорочка,Зелёный завязка сорочка,48-58,шт,Bahor - Yoz
7045,SJ-4004-v1795,Сорочка,Роза голубой завязка сорочка,48-58,шт,Bahor - Yoz
7051,SJ-4004-v1781,Сорочка,Голубой завязка сорочка,48-58,шт,Bahor - Yoz
7054,SJ-4010-v1893,Сорочка,Зелёный роза кришота сорочка,48-58,шт,Bahor - Yoz
7079,SJ-4039-v1909,Сорочка,Роза белый кришота сорочка,56-66,шт,Bahor - Yoz
7081,SJ-4010-v1910,Сорочка,Роза белый кришота сорочка,48-58,шт,Bahor - Yoz
7107,SJ-4004-v1921,Сорочка,ЖЁлтый роза завязка сорочка,48-58,шт,Bahor - Yoz
7109,SJ-4010-v1922,Сорочка,Роза белый кришота сорочка,48-58,шт,Bahor - Yoz
7129,SJ-4004-v1994,Сорочка,Роза завязка сорочка,48-58,шт,Bahor - Yoz
7130,SJ-4021v-v1978,Сорочка,Горох роза кришота сорочка д/р,50-60,шт,Bahor - Yoz
7165,SJ-4021v-v1990,Сорочка,Аклифай белый кришота сорочка д/р,50-60,шт,Bahor - Yoz
7170,SJ-4004-v1779,Сорочка,Молочный завязка сорочка,48-58,шт,Bahor - Yoz
7185,SJ-4004-v2028,Сорочка,Белый роза завязка сорочка,48-58,шт,Bahor - Yoz
7186,SJ-4010-v2025,Сорочка,Роза белый кришота сорочка,48-58,шт,Bahor - Yoz
7189,SJ-4002-v2030,Сорочка,Роза пуговица сорочка,48-58,шт,Bahor - Yoz
7190,SJ-4010-v2009,Сорочка,Роза белый кришота сорочка,48-58,шт,Bahor - Yoz
7194,SJ-4010-v1912,Сорочка,Роза молочный кришота сорочка,48-58,шт,Bahor - Yoz
7209,sj-4010-v1911,Сорочка,Молочный кришота сорочка,48-58,шт,Bahor - Yoz
7210,SJ-4021v-v2055,Сорочка,Роза белый кришота сорочка д/р,50-60,шт,Bahor - Yoz
7235,SJ-4010-v2077,Сорочка,Роза белый кришота сорочка,48-58,шт,Bahor - Yoz
7238,SJ-4002-v2029,Сорочка,Роза пуговица сорочка,48-58,шт,Bahor - Yoz
7247,sj-4004-v2008,Сорочка,Белый сорочка завязка,48-58,шт,Bahor - Yoz
7251,sj-4010-v2136,Сорочка,Роза белый кришота сорочка,48-58,шт,Bahor - Yoz
7252,SJ-4010-v2137,Сорочка,Роза розовый кришота сорочка,48-58,шт,Bahor - Yoz
7264,sj-4004-v2076,Сорочка,Роза белый завязка сорочка,48-58,шт,Bahor - Yoz
7265,SJ-4010-v2073,Сорочка,Серый кришота сорочка,48-58,шт,Bahor - Yoz
7282,sj-4002-v2217,Сорочка,Розовый пуговица сорочка,48-58,шт,Bahor - Yoz
7283,sj-4002-v2218,Сорочка,Голубой пуговица сорочка,48-58,шт,Bahor - Yoz
7284,SJ-4004-v2134,Сорочка,Белый завязка сорочка,48-58,шт,Bahor - Yoz
7319,SJ-4021v-v2056,Сорочка,Плюс кришота сорочка д/р,50-60,шт,Bahor - Yoz
7383,SJ-4010-v2349,Сорочка,Горох кришота сорочка,48-58,шт,Bahor - Yoz
7427,SJ-4010-v2343,Сорочка,Роза молочный кришота сорочка,48-58,шт,Bahor - Yoz
7469,SJ-4010-v2449,Сорочка,Роза кришота сорочка,48-58,шт,Bahor - Yoz
7470,sj-4010-v2450,Сорочка,Роза голубой кришота сорочка,48-58,шт,Bahor - Yoz
7478,SJ-4004-v2421,Сорочка,Розовый пуговица сорочка,48-58,шт,Bahor - Yoz
7507,sj-4010-v2423,Сорочка,Белый кришота сорочка,48-58,шт,Bahor - Yoz
7508,SJ-4004-v2135,Сорочка,Роза белый завязка сорочка,48-58,шт,Bahor - Yoz
7543,SJ-4004-v2072,Сорочка,Серый роза завязка сорочка,48-58,шт,Bahor - Yoz
7554,sj-4004-v2447,Сорочка,Роза розовый завязка сорочка,48-58,шт,Bahor - Yoz
7577,SJ-4004-v2448,Сорочка,Роза голубой завязка сорочка,48-58,шт,Bahor - Yoz
7612,SJ-4004-v2348,Сорочка,Роза персик завзяка сорочка,48-58,шт,Bahor - Yoz
7689,SJ-4010-v2502,Сорочка,Роза фиолетовый кришота сорочка,48-58,шт,Bahor - Yoz
7704,sJ-4010-v1191,Сорочка,Роза кришота сорочка,48-58,шт,Kuz - Qish
7746,SJ-4015-v2500,Сорочка,Роза голубой кришота сорочка,48-58,шт,Bahor - Yoz
7747,SJ-4010-v2693,Сорочка,Кришота сорочка,48-58,шт,Bahor - Yoz
7976,SJ-4010-v2983,Сорочка,Роза кришота сорочка,48-58,шт,Bahor - Yoz
8009,SJ-4004-v2984,Сорочка,Роза завязка сорочка,48-58,шт,Bahor - Yoz
8077,sj-4010-v3050,Сорочка,белый кришота сорочка,48-58,шт,Kuz - Qish
8110,SJ-4010-v2826,Сорочка,Роза голубой кришота сорочка,48-58,шт,Bahor - Yoz
8111,SJ-4004-v3051,Сорочка,Роза голубой завзяка сорочка,48-58,шт,Bahor - Yoz
8121,SJ-4010-v2801,Сорочка,Роза серый кришота сорочка,48-58,шт,Bahor - Yoz
8127,SJ-4004-v2800,Сорочка,Роза серый завязка сорочка,48-58,шт,Bahor - Yoz
8128,SJ-4004-v2825,Сорочка,Роза пуговица завязка сорочка,48-58,шт,Bahor - Yoz
8146,SJ-4004-v2855,Сорочка,Роза завязка сорочка,48-58,шт,Bahor - Yoz
8178,Sj-4004-v3237,Сорочка,Розовый завязка сорочка,48-58,шт,Bahor - Yoz
8202,SJ-4021-v3186,Сорочка,Горох грязный кришота сорочка д/р,48-58,шт,Bahor - Yoz
8248,SJ-4010-v3148,Сорочка,Зелёный кришотса сорочка,48-58,шт,Bahor - Yoz
8271,SJ-4010-v3328,Сорочка,Роза персик кришота сорочка,48-58,шт,Bahor - Yoz
8276,SJ-4004-v3316,Сорочка,Роза белый закязка сорочка,48-58,шт,Bahor - Yoz
8288,SJ-4050-v3380,Сорочка,Горох криштоа сорочка д/р,50-60,шт,Bahor - Yoz
8293,Sj-4002-v3362,Сорочка,Белый с пуговица сорочка,48-58,шт,Bahor - Yoz
8295,Sj-4002-v3361,Сорочка,Молочный с бантик сорочка,48-58,шт,Bahor - Yoz
8296,Sj-4010-v3317,Сорочка,Молочный с бантик сорочка,48-58,шт,Bahor - Yoz
8319,SJ-4010-v3264,Сорочка,Хаки кришота сорочка,48-58,шт,Bahor - Yoz
8321,SJ-4004-v3330,Сорочка,Розовый закязка сорочка,48-58,шт,Bahor - Yoz
8391,SJ-4002-v3474,Сорочка,Роза пуговица сорочка,48-58,шт,Bahor - Yoz
8395,SJ-4010-v3329,Сорочка,бабочка кришота сорочка,48-58,шт,Bahor - Yoz
8644,Sj-4010-v3242,Сорочка,Зелённый с пуговица сорочка,48-58,шт,Kuz - Qish
8742,Sj-4056-v3822,Сорочка,Розовый с пуговица сорочка,48-58,шт,Bahor - Yoz
8765,Sj-4017-v3707,Сорочка,Чёрный сорочка,44-54,шт,Bahor - Yoz
8784,Sj-4017-v3709,Сорочка,Красный сорочка,44-54,шт,Bahor - Yoz
8786,Sj-4017-v3708,Сорочка,Чёрный сорочка,44-54,шт,Bahor - Yoz
8799,Sj-4015-v3896,Сорочка,Белый с пуговица сорочка,48-58,шт,Bahor - Yoz
8803,Sj-4017-v3944,Сорочка,Чернила сорочка,44-54,шт,Bahor - Yoz
8804,Sj-4017-v3942,Сорочка,Розовый сорочка,44-54,шт,Bahor - Yoz
8805,Sj-4017-v3951,Сорочка,Т-синий сорочка,44-54,шт,Bahor - Yoz
8832,SJ-4054-v3820,Сорочка,Мини горох розовый завязка сорочка,48-58,шт,Bahor - Yoz
8849,sj-4055-v3821,Сорочка,Мини горох розовый сорочка,48-58,шт,Bahor - Yoz
8977,Sj-4057-v4064,Сорочка,Роза розовый кришота сорочка,48-58,шт,Bahor - Yoz
9013,sj-4017-v4078,Сорочка,Розовый сорочка,44-54,шт,Bahor - Yoz
6524,SJ-4022-v1325,Сорочка лафша,Розовый кришота лафша сорочка,44-52,шт,Bahor - Yoz
6634,SJ-4022-v1326,Сорочка лафша,Полоса розовый лафша кришота сорочка,44-52,шт,Bahor - Yoz
6723,SJ-4022-v1193,Сорочка лафша,Лимон белый лафша сорочка,44-52,шт,Bahor - Yoz
6775,SJ-4036-v1571,Сорочка лафша,Горох белый кришот лафша сорочка,44-52,шт,Bahor - Yoz
6776,SJ-4022-v1198,Сорочка лафша,Бабочка белый кришота лафша сорочка,44-52,шт,Bahor - Yoz
6791,sj-4022-v1254,Сорочка лафша,Вишня красный кришота лафша сорочка,44-52,шт,Bahor - Yoz
6814,sj-4036-v1581,Сорочка лафша,Розовый кормяшка лафша сорочка,44-52,шт,Bahor - Yoz
6842,SJ-4006-v1577,Сорочка лафша,Сердечка белый лафша сорочка,44-54,шт,Bahor - Yoz
6879,Sj-4006-v1707,Сорочка лафша,Бабочка лафша сорочка,44-54,шт,Bahor - Yoz
6880,SJ-4006-v1708,Сорочка лафша,Лимон лафша сорочка,44-54,шт,Bahor - Yoz
6883,SJ-4006-v1706,Сорочка лафша,Вишня белый лафша сорочка,44-54,шт,Bahor - Yoz
6940,SJ-4006-v1705,Сорочка лафша,Мини горох лафша сорочка,44-54,шт,Bahor - Yoz
7118,SJ-4022-v1926,Сорочка лафша,Белый лафша кришота сорочка,48-58,шт,Bahor - Yoz
7119,SJ-4040-v1928,Сорочка лафша,Белый кришота дафша сорочка,56-66,шт,Bahor - Yoz
8181,Sj-4022-v3204,Сорочка лафша,Белый пуговица лафша сорочка,44-52,шт,Bahor - Yoz
8182,Sj-4022-v3203,Сорочка лафша,Белый пуговица лафша сорочка,44-52,шт,Bahor - Yoz
8243,SJ-4022-v3205,Сорочка лафша,Сердечка белый кришота сорочка,44-52,шт,Bahor - Yoz
8257,sJ-4022-v3200,Сорочка лафша,Сердечка кришота лафша сорочка,44-52,шт,Bahor - Yoz
8274,SJ-4022-v3201,Сорочка лафша,Теддий белый кришота лафша сорочка,44-52,шт,Bahor - Yoz
8310,SJ-4022-v3202,Сорочка лафша,Сердечка коричневый криштоа сорочка,44-52,шт,Bahor - Yoz
8520,Sj-4022-v3615,Сорочка лафша,Белый с пуговица лапша сорочка,44-52,шт,Bahor - Yoz
8528,Sj-4022-v3616,Сорочка лафша,Белый лапша сорочка,44-52,шт,Bahor - Yoz
8551,Sj-4022-v3670,Сорочка лафша,Беживый лапша сорочка,44-52,шт,Bahor - Yoz
8554,Sj-4022-v3673,Сорочка лафша,Молочный с пуговица лапша сорочка,44-52,шт,Bahor - Yoz
8612,Sj-4022-v3672,Сорочка лафша,Мята с пуговица лапша сорочка,44-52,шт,Bahor - Yoz
8642,Sj-4022-v3671,Сорочка лафша,Молочный с пуговица лапша сорочка,44-52,шт,Bahor - Yoz
8643,Sj-4022-v3674,Сорочка лафша,Морлочный с пуговица лапша сорочка,44-52,шт,Bahor - Yoz
8850,SJ-4022-v3730,Сорочка лафша,Роза лафша сорочка,44-52,шт,Bahor - Yoz
8135,SJ-4045-v3138,Сорочка-вискон,Грязный роза кружева сорочка,46-54,шт,Bahor - Yoz
8138,SJ-4045-v3087,Сорочка-вискон,Роза кружева вискон сорочка,46-54,шт,Bahor - Yoz
8145,SJ-4046-v3093,Сорочка-вискон,Роза пуговица вискон сорочка,52-60,шт,Bahor - Yoz
8147,SJ-4047-v3121,Сорочка-вискон,Роза красный вискон сорочка,46-54,шт,Bahor - Yoz
8164,SJ-4045-v3096,Сорочка-вискон,Роза т-синий кружева сорочка,46-54,шт,Bahor - Yoz
8165,SJ-4045-v3145,Сорочка-вискон,Зелёный вискон сорочка,46-54,шт,Bahor - Yoz
8175,Sj-4046-v3146,Сорочка-вискон,Зелённый вискон сорочка,52-60,шт,Bahor - Yoz
8176,Sj-4046-v3105,Сорочка-вискон,Коричневый вискон пуговица сорочка,52-60,шт,Bahor - Yoz
8177,Sj-4046-v3139,Сорочка-вискон,Коричневый вискон пуговица сорочка,52-60,шт,Bahor - Yoz
8183,Sj-4044-v3082,Сорочка-вискон,Красный-розовый с цветок вискон сорочка,46-54,шт,Bahor - Yoz
8184,Sj-4044-v3103,Сорочка-вискон,Коричневый вискон сорочка,46-54,шт,Bahor - Yoz
8185,Sj-4044-v3187,Сорочка-вискон,Фиолетвый вискон сорочка,46-54,шт,Bahor - Yoz
8190,sj-4044-v3091,Сорочка-вискон,Голубой вискон сорочка,46-54,шт,Bahor - Yoz
8289,Sj-4044-v3171,Сорочка-вискон,Сердечка вискон сорочка,46-54,шт,Bahor - Yoz
8303,Sj-4046-v3172,Сорочка-вискон,Сердечка вискон сорочка,52-60,шт,Bahor - Yoz
8304,Sj-4045-v3096,Сорочка-вискон,Чёрный вискон сорочка,46-54,шт,Bahor - Yoz
8311,SJ-4044-v3074,Сорочка-вискон,Роза молочный кружева вискон сорочка,46-54,шт,Bahor - Yoz
8353,SJ-4046-v3080,Сорочка-вискон,Тигр вискон сорочка,52-60,шт,Bahor - Yoz
8362,SJ-4045-v3079,Сорочка-вискон,Тигр вискон сорочка,46-54,шт,Bahor - Yoz
8370,SJ-4046-v3359,Сорочка-вискон,Роза вискон сорочка,52-60,шт,Bahor - Yoz
8384,SJ-4044-v3078,Сорочка-вискон,Тигр вискон сорочка,46-54,шт,Bahor - Yoz
8393,SJ-4044-v3376,Сорочка-вискон,Роза красный вискон сорочка,46-54,шт,Bahor - Yoz
8394,SJ-4045-v3373,Сорочка-вискон,Роза розовый вискон сорочка,46-54,шт,Bahor - Yoz
8403,SJ-4044-v3372,Сорочка-вискон,Кружева вискон сорочка,46-54,шт,Bahor - Yoz
8411,SJ-4045-v3475,Сорочка-вискон,Роза вискон сорочка,46-54,шт,Bahor - Yoz
8539,Sj-4046-v3097,Сорочка-вискон,Чёрный вискон сорочка,52-60,шт,Bahor - Yoz
8553,Sj-4046-v3176,Сорочка-вискон,Пуговица вискон сорочка,52-60,шт,Bahor - Yoz
8555,Sj-4046-v3076,Сорочка-вискон,Белый с пуговица вискон сорочка,52-60,шт,Bahor - Yoz
7032,sj-4037-v1832,Сорочка-жаккард,Синий кришота жаккард сорочка,44-52,шт,Bahor - Yoz
7070,SJ-4038-v1900,Сорочка-жаккард,Бабочка голубой кришота жаккард сорочка,44-52,шт,Bahor - Yoz
7074,SJ-4038-v1904,Сорочка-жаккард,Бабочка розовый крушота сорочка,44-52,шт,Bahor - Yoz
7171,SJ-4038-v1896,Сорочка-жаккард,Бабочка жёлтый кришота сорочка,44-52,шт,Bahor - Yoz
7192,SJ-4038-v2022,Сорочка-жаккард,Роза белый кришота жаккард сорочка,44-52,шт,Bahor - Yoz
7208,sj-4038-v2058,Сорочка-жаккард,Роза кришота жаккард сорочка,44-52,шт,Bahor - Yoz
7211,SJ-4038-v2041,Сорочка-жаккард,Розовый кришота жаккард сорочка,44-52,шт,Bahor - Yoz
8222,SJ-4048-v3240,Сорочка-жаккард,Лимон белый жаккард сорочка,44-52,шт,Bahor - Yoz
8241,sj-4048-v3239,Сорочка-жаккард,Роза голубой кришота жаккард сорочка,44-52,шт,Bahor - Yoz
8258,SJ-4048-v3263,Сорочка-жаккард,Жёлтый кришота жаккард сорочка,44-52,шт,Bahor - Yoz
8322,SJ-4048-v3342,Сорочка-жаккард,Голубой кришота жаакард сорочка,44-52,шт,Bahor - Yoz
8343,SJ-4048-v3398,Сорочка-жаккард,Бабочка кришта жаккард сорочка,44-52,шт,Bahor - Yoz
8345,SJ-4048-v3397,Сорочка-жаккард,Бамбочка жаккард кришот сорочка,44-52,шт,Bahor - Yoz
8363,SJ-4048-v3395,Сорочка-жаккард,Сердечка кришота жаккард сорочка,44-52,шт,Bahor - Yoz
8364,SJ-4048-v3343,Сорочка-жаккард,Голубой кришота жаккард сорочка,44-52,шт,Bahor - Yoz
8372,SJ-4048-v3238,Сорочка-жаккард,Роза кришота жаккард сорочка,44-52,шт,Bahor - Yoz
8626,Sj-4048-v3736,Сорочка-жаккард,Голубой с пуговица жаккард сорочка,44-52,шт,Bahor - Yoz
8137,SJ-4042-v3022,Сорочка-муслин,Сердечка кружева муслин сорочка,44-52,шт,Bahor - Yoz
7646,KJ-13012-v2632,Трёхнитка-спортивка,Молочный трёхнитка спортивка,46-54,шт,Kuz - Qish
7647,KJ-13012-v2633,Трёхнитка-спортивка,Салатовый трёхнитка спортивка,46-54,шт,Kuz - Qish
7679,KJ-13012-v2634,Трёхнитка-спортивка,Молочный трёхнитка спортивка,46-54,шт,Kuz - Qish
7680,KJ-13012-v2631,Трёхнитка-спортивка,Зелёный трёхнитка спортивка,46-54,шт,Kuz - Qish
7681,KJ-13011-v2628,Трёхнитка-спортивка,Салатовый трёхнитка спортивка,46-54,шт,Kuz - Qish
7682,KJ-13011-v2626,Трёхнитка-спортивка,Зелёный трёхнитка спортивка,46-54,шт,Kuz - Qish
7683,KJ-13011-v2630,Трёхнитка-спортивка,Фиолетовый трёхнитка капюшон спортивка,46-54,шт,Kuz - Qish
7684,KJ-13011-v2627,Трёхнитка-спортивка,Малыновый трёхнитка капюшон,46-54,шт,Kuz - Qish
7685,KJ-13012-v2635,Трёхнитка-спортивка,Фиолетовый трёхнитка капюшон,46-54,шт,Kuz - Qish
7710,KJ-13013-v2752,Трёхнитка-спортивка,Хаки трёхнитка спортивка,44-52,шт,Kuz - Qish
7711,KJ-13013-v2755,Трёхнитка-спортивка,Фиолетовый трёхнитка спортивка,44-52,шт,Kuz - Qish
7712,KJ-13013-v2756,Трёхнитка-спортивка,Салатовый трёхнитка спортивка,44-52,шт,Kuz - Qish
7713,KJ-13011-v2629,Трёхнитка-спортивка,Молочнвый трёхнитка спортивка,46-54,шт,Kuz - Qish
7755,KJ-13013-v2757,Трёхнитка-спортивка,Т-синий трёхнитка спортивка,44-52,шт,Kuz - Qish
7756,KJ-13013-v2753,Трёхнитка-спортивка,Чёрный трёхнитка спортивка,44-52,шт,Kuz - Qish
7764,KJ-13014-v2851,Трёхнитка-спортивка,Т-синий трёхнитка спортивка,44-52,шт,Kuz - Qish
7765,KJ-13013-v2754,Трёхнитка-спортивка,РОзовый трёхнитика спортивка,44-52,шт,Kuz - Qish
7974,KJ-13014-v2850,Трёхнитка-спортивка,Салатовый трёхнитка капюшон,44-52,шт,Kuz - Qish
7979,KJ-13014-v2852,Трёхнитка-спортивка,Фиолетовый трёхнитка спортивка,44-52,шт,Kuz - Qish
7826,XJ-3079-v2646,Тройка халат,Голубой пуговица тройка халат,44-52,шт,Bahor - Yoz
5841,TJ-2026-v330,Туника,Рязка оранжевый с воротником туника,46-56,шт,Bahor - Yoz
5842,TJ-2026-v328,Туника,Рязка горчичный с воротником туника,46-56,шт,Bahor - Yoz
5852,TJ-2026-v170,Туника,Хаки с воротником туника,46-56,шт,Bahor - Yoz
5853,TJ-2024/4,Туника,Тигр кружева туника,46-56,шт,Bahor - Yoz
5860,TJ-2026-v348,Туника,Рязка фиолетовый с воротником туника,46-56,шт,Bahor - Yoz
5861,TJ-2026v-v221,Туника,Тигр с воротником пуговица туника,50-60,шт,Bahor - Yoz
5867,Tj-2026-v323,Туника,Дейзи хаки с воротником туника,46-56,шт,Bahor - Yoz
5869,TJ-2023-v1,Туника,Салатовый кружева пуговица туника,46-56,шт,Bahor - Yoz
5880,TJ-2026-v365,Туника,Роза чёрный с воротником туника,46-56,шт,Bahor - Yoz
5886,TJ-2020-v0002,Туника,Полоса борджовый пуговица туника,46-54,шт,Bahor - Yoz
5894,TJ-2020-v01,Туника,Полоса мор пуговица туника,46-54,шт,Bahor - Yoz
5899,TJ-2036-v321,Туника,Зебра оранжевый пугоивица туника,46-56,шт,Bahor - Yoz
5907,TJ-2023-v2,Туника,Голубой кружева туника,44-54,шт,Bahor - Yoz
5912,TJ-2026-v377,Туника,Чёрный роза с воротником туника,46-56,шт,Bahor - Yoz
5922,TJ-2026-v375,Туника,Чёрный роза пуговица с воротником туника,46-56,шт,Bahor - Yoz
5923,TJ-2038v-v355,Туника,Средный горох сетка туника,50-60,шт,Bahor - Yoz
5931,TJ-2026-v413,Туника,Молочный роза с воротником туника,46-56,шт,Bahor - Yoz
5939,TJ-2000-v425,Туника,Оранжевый пуговица туника,46-56,шт,Bahor - Yoz
5942,TJ-2026-v415,Туника,Пламя оранжевый с воротником туника,46-56,шт,Bahor - Yoz
5944,TJ-2001-v156,Туника,Инфинитий зелёный косынка туника,44-52,шт,Bahor - Yoz
5945,TJ-2026-v396,Туника,Флокс хаки с воротником туника,46-56,шт,Bahor - Yoz
5946,TJ-2037-v438,Туника,Бюти т-синий лайкра туника,48-58,шт,Bahor - Yoz
5947,TJ-2026-v482,Туника,Мини смородина с воротником туника,46-56,шт,Bahor - Yoz
5957,TJ-2020-v1,Туника,Серый полоса туника,46-54,шт,Bahor - Yoz
5960,TJ-2043-v490,Туника,"Бежевый лайкра туника (скидка 5,5)",46-56,шт,Bahor - Yoz
5969,TJ-2041-v532,Туника,Оранжевый пуговица туника,46-56,шт,Bahor - Yoz
5970,TJ-2026-v295,Туника,Флокс жёлтый с воротником туника,46-56,шт,Bahor - Yoz
5971,TJ-2020-v205,Туника,Коричневый полоса пуговица туника,46-54,шт,Bahor - Yoz
5976,TJ-2026-v480,Туника,Голубой ромашка с воротником туника,46-56,шт,Bahor - Yoz
5985,TJ-2043-v486,Туника,"Коричневый лайкра туника (скидка 5,5)",46-56,шт,Bahor - Yoz
5987,TJ-2001-v447,Туника,Инфинитий оранжевый косынка туника,44-52,шт,Bahor - Yoz
5990,TJ-2037V-v602,Туника,Бюти лайкра туника,56-66,шт,Bahor - Yoz
5998,TJ-2043-v488,Туника,"Грязный лайкра туника (скидка 5,5)",46-56,шт,Bahor - Yoz
6000,TJ-2024-v452,Туника,Белый роза кружева туника,46-56,шт,Bahor - Yoz
6001,TJ-2026-v427,Туника,Дейзи голубой с воротником туника,46-56,шт,Bahor - Yoz
6004,TJ-2026-v694,Туника,Рязка оранжевый с воротником туника,46-56,шт,Bahor - Yoz
6018,TJ-2044-v582,Туника,Полоса чёрный туника,44-54,шт,Bahor - Yoz
6021,TJ-2039-v417,Туника,Лес белый Наталия туника,46-56,шт,Bahor - Yoz
6023,TJ-2026-v755,Туника,Зелёный с воротником туника,46-56,шт,Bahor - Yoz
6024,TJ-2026-v748,Туника,Золота листь с воротником туника,46-56,шт,Bahor - Yoz
6025,TJ-2044-v546,Туника,Зелёный полоса туника,44-54,шт,Bahor - Yoz
6030,TJ-2026-v708,Туника,Малиновый роза с воротником туника,46-56,шт,Bahor - Yoz
6036,TJ-2044-v576,Туника,Серый полоса туника,44-54,шт,Bahor - Yoz
6037,TJ-2001-v506,Туника,Инфинитий т-синий косынка туника,44-52,шт,Bahor - Yoz
6042,TJ-2026-v558,Туника,Оранжевый с воротником туника,46-56,шт,Bahor - Yoz
6044,TJ-2026-v771,Туника,Роза с воротником туника,46-56,шт,Bahor - Yoz
6048,TJ-2044-v502,Туника,Полоса бордовый туника,44-54,шт,Bahor - Yoz
6054,TJ-2026-v229,Туника,Мини горох с воротником туника,46-56,шт,Bahor - Yoz
6058,TJ-2026-v757,Туника,Средный роза оранжевый с воротником туника,46-56,шт,Bahor - Yoz
6060,TJ-2043-v736,Туника,"Белый лайкра туника (скидка 5,5)",46-56,шт,Bahor - Yoz
6075,TJ-2024-v791,Туника,Горчичный ромашка кружева туника,46-56,шт,Bahor - Yoz
6080,TJ-2026-v826,Туника,Жёлтый роза с воротником туника,46-56,шт,Bahor - Yoz
6085,TJ-2024-v782,Туника,Красный пион кружева туника,46-56,шт,Bahor - Yoz
6086,TJ-2050-v777,Туника,Тигр косынка Наталия туника,48-54,шт,Bahor - Yoz
6088,TJ-2000-v476,Туника,Мини смородина пуговица туника,46-56,шт,Bahor - Yoz
6089,TJ-2000-v510,Туника,Флокс большой пуговица туника,46-56,шт,Bahor - Yoz
6090,TJ-2000-v512,Туника,Мини флокс жёлтый пуговица туника,46-56,шт,Bahor - Yoz
6091,TJ-2048-v732,Туника,Невер полоса туника,46-56,шт,Bahor - Yoz
6094,TJ-2049-v759,Туника,Гвоздика хаки пуговица туника,50-60,шт,Bahor - Yoz
6097,TJ-2044-v724,Туника,Т-синий полоса туника,44-54,шт,Bahor - Yoz
6099,TJ-2026-v786,Туника,Горчичный роза с воротником туника,46-56,шт,Bahor - Yoz
6101,TJ-2023-v765,Туника,Жёлтый кружева туника,46-56,шт,Bahor - Yoz
6105,TJ-2051-v823,Туника,Золота пагон карман туника,50-60,шт,Bahor - Yoz
6114,TJ-2023-v784,Туника,Хакки цветок кружева с воротником туника,46-56,шт,Bahor - Yoz
6119,TJ-2038V-v508,Туника,Средный горох сетка горох туника,50-60,шт,Bahor - Yoz
6120,TJ-2023-v790,Туника,Рамашка жёлтый кружева с воротником туника,46-56,шт,Bahor - Yoz
6123,TJ-2026-v909,Туника,Мини смародина оранжевый с воротником туника,48-58,шт,Bahor - Yoz
6131,TJ-2043-v608,Туника,"Тёмно-синий лайкра туника (скидка 5,5)",46-56,шт,Bahor - Yoz
6134,TJ-2050-v902,Туника,Большой горох хаки косынка туника,44-52,шт,Bahor - Yoz
6139,TJ-2026-v901,Туника,Красный роза с воротником туника,46-56,шт,Bahor - Yoz
6142,TJ-2050-v913,Туника,Большой горох т-синий косынка туника,44-52,шт,Bahor - Yoz
6145,TJ-2033-v0001,Туника,Кеда лайкра туника,50-60,шт,Bahor - Yoz
6147,TJ-2007-v793,Туника,Роза горчичный пуговица туника,46-56,шт,Bahor - Yoz
6149,TJ-2043-v750,Туника,"Чёрный лайкра туника (скидка -5,5)",46-56,шт,Bahor - Yoz
6150,TJ-2054-v905,Туника,Флокс жёлтый с воротником кружева туника,46-56,шт,Bahor - Yoz
6151,TJ-2024-v916,Туника,Синий роза кружева туника,46-56,шт,Bahor - Yoz
6152,TJ-2026-v934,Туника,Горчичный драст с воротником туника,46-56,шт,Bahor - Yoz
6167,TJ-2026-v825,Туника,Пламя оранжевый с воротником туника,46-56,шт,Bahor - Yoz
6169,TJ-2026-v957,Туника,Большой флокс жёлтый с воротником туника,46-56,шт,Bahor - Yoz
6171,TJ-2054-v908,Туника,Рамашка жёлтый с воротником туника,46-56,шт,Bahor - Yoz
6173,TJ-2026-v910,Туника,Ряска жёлтый с воротником туника,46-56,шт,Bahor - Yoz
6174,TJ-2043-v606,Туника,"Серый туника (скидка -5,5)",46-56,шт,Bahor - Yoz
6176,TJ-2026-v968,Туника,Мин флокс жёлтый лист с воротником туника,46-56,шт,Bahor - Yoz
6180,TJ-2024-v915,Туника,Узор горчичный с кружева туника,46-56,шт,Bahor - Yoz
6182,TJ-2026-v981,Туника,Роза малиновый с воротником туника,46-56,шт,Bahor - Yoz
6184,TJ-2043-v959,Туника,"Фиолетовый лайкра туника (скидка 5,5)",46-56,шт,Bahor - Yoz
6186,TJ-2007-v817,Туника,Тёмно-синий средный горох туника,46-56,шт,Bahor - Yoz
6190,TJ-2026-v982,Туника,Рязка оранжевый с воротником туника,46-56,шт,Bahor - Yoz
6191,TJ-2054-v907,Туника,Тигр с воротником туника,46-56,шт,Bahor - Yoz
6192,TJ-2038v-935,Туника,Роза синий сетка туника,50-60,шт,Bahor - Yoz
6194,TJ-2024-v985,Туника,Роза малиновый кружева туника,46-56,шт,Bahor - Yoz
6195,TJ-2043-v604,Туника,"Серый туника (скидка -5,5)",46-56,шт,Bahor - Yoz
6204,TJ-2049-v897,Туника,Роза хаки пуговица туника,50-60,шт,Bahor - Yoz
6210,TJ-2026-v1011,Туника,Зелёный листь с воротником туника,46-56,шт,Bahor - Yoz
6217,TJ-2045-v920,Туника,Шарик розовый с воротником штапель туника,46-54,шт,Bahor - Yoz
6222,TJ-2026-v1010,Туника,Хаки роза с воротником туника,46-56,шт,Bahor - Yoz
6232,TJ-2043-v961,Туника,"Хаки туника (скидка -5,5)",46-56,шт,Bahor - Yoz
6233,TJ-2054-v1002,Туника,Тёмно хаки роза с воротником кружева туника,46-56,шт,Bahor - Yoz
6238,TJ-2054-v906,Туника,Рязка оранжевый с воротником туника,46-56,шт,Bahor - Yoz
6240,TJ-2006-v986,Туника,Средный горох пуговица туника,48-58,шт,Bahor - Yoz
6243,TJ-2043-v1021,Туника,"Фиолетовый туника ликра (скидка 5,5)",46-56,шт,Bahor - Yoz
6245,TJ-2007-v966,Туника,Пламя оранжевый туника,46-56,шт,Bahor - Yoz
6246,TJ-2054-v1073,Туника,Мини смородина оранжевый с воротником туника,46-56,шт,Bahor - Yoz
6250,TJ-2051-v950,Туника,Зебра пуговица туника,50-60,шт,Bahor - Yoz
6256,TJ-2026-v983,Туника,Листь зелёный с воротником туника,46-56,шт,Bahor - Yoz
6267,TJ-2054-v1103,Туника,Микс ромашка с воротниеом туника,46-56,шт,Bahor - Yoz
6271,TJ-2024-v914,Туника,Ряска оранжевый с воротником кружева туника,46-56,шт,Bahor - Yoz
6272,TJ-2051-v1003,Туника,Хаки листь пуговица туника,50-60,шт,Bahor - Yoz
6273,TJ-2026-v1129,Туника,Рязска зелёный с воротником туника,46-56,шт,Bahor - Yoz
6275,TJ-2024-v1106,Туника,Фиолетовый рязка кружева туника,46-56,шт,Bahor - Yoz
6277,TJ-2024-v984,Туника,Зелёный листь кружева туника,46-56,шт,Bahor - Yoz
6278,TJ-2024-v710,Туника,Роза малиновый кружева туника,46-56,шт,Bahor - Yoz
6296,TJ-2026-v1107,Туника,Апельсин с воротником туника,46-56,шт,Bahor - Yoz
6299,TJ-2000-v822,Туника,Женская туника с коротким рукавом пуговица зелёный квадрат,46-56,шт,Bahor - Yoz
6301,TJ-2006-v993,Туника,Средный горох жёлтый пуговица туника,48-58,шт,Bahor - Yoz
6302,TJ-2006-v992,Туника,Средный горох зелёный пуговица туника,48-58,шт,Bahor - Yoz
6309,TJ-2009-v970,Туника,Мини горох куин туника,46-56,шт,Bahor - Yoz
6313,TJ-2054-v1119,Туника,Роза пгуовица с воротником туника,46-56,шт,Bahor - Yoz
6314,TJ-2023-v933,Туника,Роза горчичный кружева туника,46-56,шт,Bahor - Yoz
6315,TJ-2059-v1123,Туника,Роза малиновый пуговица туника,46-56,шт,Bahor - Yoz
6318,TJ-2000-v1020,Туника,Мини смородина пуговица туника,46-56,шт,Bahor - Yoz
6319,TJ-2000-v1077,Туника,Смородина оранжевый пуговица туника,46-56,шт,Bahor - Yoz
6337,tj-2058-V1128,Туника,Большой флокс пуговица туника,48-58,шт,Bahor - Yoz
6343,TJ-2054-v1102,Туника,Фиолетовый рязка кружева с воротником туника,46-56,шт,Bahor - Yoz
6344,TJ-2000-v1075,Туника,Роза молочный пуговица туника,46-56,шт,Bahor - Yoz
6345,TJ-2059-v1121,Туника,Роза оранжевый  пуговица туника,46-56,шт,Bahor - Yoz
6348,TJ-2023-v781,Туника,Роза малиновый кружева туника,46-56,шт,Bahor - Yoz
6350,TJ-2026-v1113,Туника,Ромашка чёрный с воротником туника,46-56,шт,Bahor - Yoz
6353,TJ-2026-v1105,Туника,Мини ромашка с воротником туника,46-56,шт,Bahor - Yoz
6363,TJ-2026-v1173,Туника,Роза горчичный с воротником туника,46-56,шт,Bahor - Yoz
6366,TJ-2049-v1133,Туника,Роза чёрный пуговица туника,50-60,шт,Bahor - Yoz
6370,TJ-2000-v1139,Туника,Рязка оранжевый пуговица туника,46-56,шт,Bahor - Yoz
6375,TJ-2023-v767,Туника,Рязка оранжевый кружева туника,46-56,шт,Bahor - Yoz
6377,TJ-2059-v1135,Туника,Золота роза кружева туника,46-56,шт,Bahor - Yoz
6381,TJ-2054-v1078,Туника,ХАки ромашка с воротником кружева туника,46-56,шт,Bahor - Yoz
6382,TJ-2024-v1187,Туника,Роза кружева туника,46-52,шт,Bahor - Yoz
6389,TJ-2058-v1127,Туника,Роза хаки пуговица туника,48-58,шт,Bahor - Yoz
6408,TJ-2054-v1172,Туника,Роза горчичный кружева с воротником туника,46-56,шт,Bahor - Yoz
6409,TJ-2059-v1295,Туника,Шарик ромашка пуговица туника,46-52,шт,Bahor - Yoz
6426,TJ-2036-v1189,Туника,Туркуаз серый пуговица туника,46-56,шт,Bahor - Yoz
6428,TJ-2026-v1243,Туника,Роза оранжевый с воротником туника,46-56,шт,Bahor - Yoz
6430,TJ-2024-v1202,Туника,Роза горчичный кружева туника,44-52,шт,Bahor - Yoz
6431,TJ-2026-v1124,Туника,Хаки с воротником туника,46-56,шт,Bahor - Yoz
6439,TJ-2000-v1209,Туника,Молочный роза пуговица туника,46-52,шт,Bahor - Yoz
6440,TJ-2024-v1206,Туника,Роза микс кружева туника,46-52,шт,Bahor - Yoz
6441,TJ-2000-v1188,Туника,Туркуаз пуговица туника,46-56,шт,Bahor - Yoz
6445,TJ-2037-v602,Туника,Бюти чёрный туника,56-66,шт,Bahor - Yoz
6446,Tj-2026-v1285,Туника,Роза синий с воротником туника,46-56,шт,Bahor - Yoz
6453,TJ-2000-v1104,Туника,Рязка фиолетовый пугоивца туника,46-56,шт,Bahor - Yoz
6454,TJ-2024-v1324,Туника,Драст красный кружева туника,46-56,шт,Bahor - Yoz
6458,Tj-2054-v1322,Туника,Роза персик с воротником туника,44-52,шт,Bahor - Yoz
6459,TJ-2054-v1258,Туника,Пламя с воротником туника,46-56,шт,Bahor - Yoz
6470,TJ-2066-v1259,Туника,Роза серый туника,44-52,шт,Bahor - Yoz
6471,TJ-2066-v1260,Туника,Роза синий туника,44-52,шт,Bahor - Yoz
6472,TJ-2066-v1261,Туника,Роза зелёный туника,44-52,шт,Bahor - Yoz
6473,Tj-2026-v1283,Туника,Роза с воротником туника,46-56,шт,Bahor - Yoz
6475,TJ-2069-v1293,Туника,Роза пуговица туника,46-56,шт,Bahor - Yoz
6476,TJ-2069-v1292,Туника,Роза пуговица туника,46-56,шт,Bahor - Yoz
6480,TJ-2000-v1257,Туника,Мини горох пуговица  чёрный туника,46-56,шт,Bahor - Yoz
6483,TJ-2026-v1208,Туника,Молочный роза с воротником туника,46-52,шт,Bahor - Yoz
6484,TJ-2059-v1204,Туника,Роза синий пуговица туника,46-52,шт,Bahor - Yoz
6491,TJ-2026-v1244,Туника,Драст с воротником туника,46-56,шт,Bahor - Yoz
6496,TJ-2050-v1200,Туника,Зелёный ромашка косынка туника,44-54,шт,Bahor - Yoz
6502,TJ-2000-v1207,Туника,Роза горчичный пуговица туника,46-52,шт,Bahor - Yoz
6503,TJ-2024-v1317,Туника,Роза горчичный кружева туника,46-56,шт,Bahor - Yoz
6504,TJ-2000-v1256,Туника,Фиолетовый роза пуговица туника,46-56,шт,Bahor - Yoz
6510,TJ-2050-v1199,Туника,Роза малыновый косынка туника,44-52,шт,Bahor - Yoz
6514,TJ-2024-v1323,Туника,Мини роза кружева туника,44-54,шт,Bahor - Yoz
6515,TJ-2054-v1074,Туника,Роза малиновый с воротником туника,46-56,шт,Bahor - Yoz
6519,TJ-2049-v1273,Туника,Роза чёрный пуговица туника,50-60,шт,Bahor - Yoz
6521,TJ-2026-v1140,Туника,Голубой роза с воротником туника,46-56,шт,Bahor - Yoz
6522,TJ-2062-v1226,Туника,Зебра оранжевый с воротником туника,46-52,шт,Bahor - Yoz
6523,TJ-2049-v1217,Туника,Листь зелёный пуговица туника,50-60,шт,Bahor - Yoz
6526,TJ-2012-v0001,Туника,Стрекоза туника,46-56,шт,Bahor - Yoz
6528,TJ-2063-v1223,Туника,Парадис зелёный туника,48-58,шт,Bahor - Yoz
6531,TJ-2050-v1201,Туника,Красный косынка туника,44-52,шт,Bahor - Yoz
6532,TJ-2050-v1320,Туника,Оранжевый роза косынка туника,44-52,шт,Bahor - Yoz
6538,TJ-2063-v1225,Туника,Роза коричневый туника,48-58,шт,Bahor - Yoz
6540,TJ-2069-v1348,Туника,Роза оранжевый пуговица туника,46-56,шт,Bahor - Yoz
6542,TJ-2033-v926,Туника,Кеда туника,50-60,шт,Bahor - Yoz
6545,tj-2068-V1263,Туника,Средный горох туника,48-58,шт,Bahor - Yoz
6550,Tj-2000-v1405,Туника,Роза туркуаз пуговица туника,46-56,шт,Bahor - Yoz
6552,TJ-2069-v1319,Туника,Драст пугоивца туника,46-56,шт,Bahor - Yoz
6553,TJ-2069-v1291,Туника,Роза синий пугоивца туника,46-56,шт,Bahor - Yoz
6554,TJ-2000-v1376,Туника,Драст красный туника,46-56,шт,Bahor - Yoz
6555,TJ-2063-v1222,Туника,Мор парадайс туника,48-58,шт,Bahor - Yoz
6560,TJ-2063-v1224,Туника,Парадайс синий туника,48-58,шт,Bahor - Yoz
6564,TJ-2026-v1359,Туника,Роза с воротником туника,46-56,шт,Bahor - Yoz
6565,TJ-2063-v1417,Туника,Парадайс красный туника,48-58,шт,Bahor - Yoz
6567,TJ-2000-v1427,Туника,Роза малиновый пуговица туника,46-56,шт,Bahor - Yoz
6571,TJ-2026-v1284,Туника,Роза с воротником туника,46-56,шт,Bahor - Yoz
6575,TJ-2026-v1203,Туника,Роза листь с воротником туника,46-56,шт,Bahor - Yoz
6581,TJ-2066-v1355,Туника,Мор роза туника,44-52,шт,Bahor - Yoz
6609,TJ-2064-v1375,Туника,Драст красный пуговица туника,46-56,шт,Bahor - Yoz
6610,Tj-2064-v1333,Туника,Хаки роза пуговица туника,46-56,шт,Bahor - Yoz
6616,TJ-2049-v1394,Туника,Роза туркуаз пуговица туника,50-60,шт,Bahor - Yoz
6620,Tj-2066-v1393,Туника,Роза фиолетовый туника,44-52,шт,Bahor - Yoz
6623,Tj-2062-v1218,Туника,Хаки роза пуговица соротником туника,46-56,шт,Bahor - Yoz
6628,TJ-2054-v1461,Туника,Оранжевый с воротником кружева туника,46-56,шт,Bahor - Yoz
6631,TJ-2072-v1374,Туника,Роза оранжевый завязка туника,50-60,шт,Bahor - Yoz
6640,TJ-2062-v1219,Туника,Фиолетовый с воротником туника,48-56,шт,Bahor - Yoz
6666,TJ-2054-v1491,Туника,Чёрный квадрат туника,48-58,шт,Bahor - Yoz
6667,TJ-2024-v1473,Туника,Туркуаз кружева туника,46-56,шт,Bahor - Yoz
6675,tj-2067-V1262,Туника,Мини горох куин туника,44-52,шт,Bahor - Yoz
6679,TJ-2068-v1392,Туника,Горох куин туника туника,48-58,шт,Bahor - Yoz
6685,TJ-2063-v1416,Туника,Чёрный роза туника,48-58,шт,Bahor - Yoz
6690,TJ-2064-v1395,Туника,Оранжевый пуговица туника,46-56,шт,Bahor - Yoz
6692,TJ-2064-v1227,Туника,Роза голубой пуговица туника,48-58,шт,Bahor - Yoz
6695,TJ-2064-v1332,Туника,Оранжевый пуговица туника,46-56,шт,Bahor - Yoz
6698,TJ-2026-v1294,Туника,Оранжевый с воротником туника,46-56,шт,Bahor - Yoz
6715,TJ-2012-v1076,Туника,Стрекоза туника,46-56,шт,Bahor - Yoz
6720,TJ-2078-v1442,Туника,Квадрат пуговица туника,46-56,шт,Bahor - Yoz
6730,TJ-2026-v1553,Туника,Роза розовый с воротником туника,46-56,шт,Bahor - Yoz
6732,TJ-2069-v1471,Туника,Средный горох пуговица туника,44-52,шт,Bahor - Yoz
6738,TJ-2050-v903,Туника,Грязный горох косынка туника,44-52,шт,Bahor - Yoz
6739,TJ-2069-v1462,Туника,Роза оранжевый с воротником туника,46-56,шт,Bahor - Yoz
6745,TJ-2062-v1255,Туника,Пламя оранжевый с воротником туника,46-52,шт,Bahor - Yoz
6747,TJ-2026-v1552,Туника,Роза оранжвый с воротником туника,44-54,шт,Bahor - Yoz
6752,Tj-2076-v1397,Туника,Рязка оранжевый пуговица туника,46-54,шт,Bahor - Yoz
6756,TJ-2067-v1391,Туника,Мини горох куин туника,44-52,шт,Bahor - Yoz
6758,TJ-2076-v1554,Туника,Зелёный пуговица туника,46-54,шт,Bahor - Yoz
6759,TJ-2075-v1396,Туника,Рязка хаки пуговица туника,50-60,шт,Bahor - Yoz
6760,TJ-2026-v1606,Туника,Роза оранжевый с воротником туника,46-56,шт,Bahor - Yoz
6761,TJ-2064-v1428,Туника,Роза оранжевый пуговица туника,46-56,шт,Bahor - Yoz
6765,TJ-2073-v1567,Туника,Роза голубой пуговица туника,50-60,шт,Bahor - Yoz
6766,TJ-2079-v1557,Туника,Роза красный треугольник туника,46-56,шт,Bahor - Yoz
6773,TJ-2010-v1588,Туника,Фенди пуговица туника,48-58,шт,Bahor - Yoz
6778,Tj-2064-v1504,Туника,Роза синий пуговица туника,46-54,шт,Bahor - Yoz
6784,TJ-2011-v1589,Туника,Фенди карман туника,48-56,шт,Bahor - Yoz
6789,TJ-2079-v1511,Туника,Малиновый треугольникм туника,46-56,шт,Bahor - Yoz
6796,TJ-2046-v1466,Туника,Роза фиолетовый с воротником туника,46-54,шт,Bahor - Yoz
6801,TJ-2026-v1537,Туника,Роза хаки с воротником туника,46-56,шт,Bahor - Yoz
6808,tj-2000-v1490,Туника,Роза молочный пугоивица туника,46-56,шт,Bahor - Yoz
6809,tj-2079-v1510,Туника,Оранжевый треугольник туника,46-56,шт,Bahor - Yoz
6810,tj-2024-v1551,Туника,Воротником пуговица туника,44-54,шт,Bahor - Yoz
6812,tj-2026-v1640,Туника,Красный с воротником туника,46-56,шт,Bahor - Yoz
6824,TJ-2026-v1648,Туника,Ментоль роза с воротником туника,46-56,шт,Bahor - Yoz
6825,TJ-2075-v1493,Туника,Хаки полоса туника,50-60,шт,Bahor - Yoz
6827,TJ-2026-v1669,Туника,Роза хаки с воротником туника,46-56,шт,Bahor - Yoz
6830,TJ-2026-v1644,Туника,Зелёный с воротником туника,46-56,шт,Bahor - Yoz
6833,TJ-2064-v1429,Туника,Роза красный пуговица туника,46-56,шт,Bahor - Yoz
6834,Tj-2076-v1492,Туника,Молочный пуговица туника,46-54,шт,Bahor - Yoz
6839,TJ-2026-v1701,Туника,Роза коричневый с воротником туника,46-56,шт,Bahor - Yoz
6841,TJ-2072-v1373,Туника,Фиолетовый роза завязка туника,50-60,шт,Bahor - Yoz
6845,TJ-2070-v1334,Туника,ХАки завязка туника,48-56,шт,Bahor - Yoz
6847,TJ-2064-v1503,Туника,Роза голубой пуговица туника,46-54,шт,Bahor - Yoz
6850,TJ-2070-v1335,Туника,Фиолетовый завязка туника,48-56,шт,Bahor - Yoz
6862,TJ-2024-v1605,Туника,Роза синий кружева туника,46-56,шт,Bahor - Yoz
6865,TJ-2064-v1443,Туника,Роза оарнжевый руговица туника,46-56,шт,Bahor - Yoz
6866,Tj-2024-v1550,Туника,Роза зелёный кружева туника,44-54,шт,Bahor - Yoz
6867,TJ-2069-v1318,Туника,Средный горох пуговица туника,44-52,шт,Bahor - Yoz
6875,TJ-2073-v1387,Туника,Рязка хаки пуговица туника,50-60,шт,Bahor - Yoz
6885,TJ-2024-v1645,Туника,Зелёный кружева туника,46-56,шт,Bahor - Yoz
6896,TJ-2077-v1414,Туника,Рязка хаки пуговица туника,50-60,шт,Bahor - Yoz
6897,TJ-2024-v1489,Туника,Рязка хаки кружева туника,44-54,шт,Bahor - Yoz
6910,TJ-2024-v1474,Туника,Хаки кружева туника,46-56,шт,Bahor - Yoz
6914,TJ-2026-v1711,Туника,Чёрый с воротником туника,46-56,шт,Bahor - Yoz
6915,TJ-2064-v1228,Туника,Роза красный пуговица туника,48-58,шт,Bahor - Yoz
6917,TJ-2050-v1594,Туника,Роза ментол косынка туника,44-52,шт,Bahor - Yoz
6922,TJ-2073-v1566,Туника,Роза пуговица туника,50-60,шт,Bahor - Yoz
6923,TJ-2074-v1569,Туника,Рязка оранжевый пуговица туника,46-54,шт,Bahor - Yoz
6925,TJ-2074-v1568,Туника,Пламя пуговица туника,44-54,шт,Bahor - Yoz
6952,TJ-2082-v1667,Туника,Зелёный пуговица туника,50-60,шт,Bahor - Yoz
6967,TJ-2079-v1752,Туника,Мини горох красный треугольник туника,46-56,шт,Bahor - Yoz
6972,TJ-2062-v1755,Туника,Оранжевый полоса с воротником туника,46-56,шт,Bahor - Yoz
6973,TJ-2006-v1657,Туника,Ифинитий жёлтый пуговица туника,48-58,шт,Bahor - Yoz
6987,TJ-2076-v1680,Туника,Зелёный пуговица туника,46-56,шт,Bahor - Yoz
6995,tj-2079-v1754,Туника,Ромашка пуговица туника,46-56,шт,Bahor - Yoz
7030,TJ-2026-v1844,Туника,Зеленый с воротником туника,46-56,шт,Bahor - Yoz
7049,TJ-2079-v1800,Туника,Оранжевый труегольникм туника,46-56,шт,Bahor - Yoz
7075,TJ-2079-v1756,Туника,Оранжевый пуговица треугольник туника,46-56,шт,Bahor - Yoz
7100,TJ-2079-v1799,Туника,Роза белый треугольник туника,46-56,шт,Bahor - Yoz
7111,TJ-2079-v1753,Туника,Инфинитий чёрный треугольник туника,46-56,шт,Bahor - Yoz
7229,TJ-2093-v2062,Туника,Лухуря средный горох туника,48-58,шт,Bahor - Yoz
7230,TJ-2093-v2061,Туника,Бюти средный горох туника,48-58,шт,Bahor - Yoz
7255,TJ-2094v-2090,Туника,Бюти средный горох туника,56-66,шт,Bahor - Yoz
7310,tj-2051-v2271,Туника,Жёлтый туника,50-60,шт,Bahor - Yoz
7323,TJ-2025-v0001,Туника,Мини горох лимон завязка туника,46-56,шт,Bahor - Yoz
7481,TJ-2079-v1558,Туника,Роза серый пуговица туника,46-56,шт,Bahor - Yoz
7634,TJ-2092-v2638,Туника,Роза фиолетовый кружева туника 3/4,46-56,шт,Bahor - Yoz
7694,TJ-2024-v2692,Туника,Мини горох кружева туника,44-54,шт,Bahor - Yoz
7757,TJ-2100-v2652,Туника,Роза пуговица туника,46-56,шт,Bahor - Yoz
7760,TJ-2100-v2700,Туника,Роза пуговица туника,46-54,шт,Bahor - Yoz
7763,TJ-2049-v2698,Туника,Рязка зелёный туника,50-60,шт,Bahor - Yoz
7766,TJ-2026-v2789,Туника,Роза малиновый с воротником туника,46-56,шт,Bahor - Yoz
7767,TJ-2024-v2763,Туника,Роза оранжевый кружева туника,46-56,шт,Bahor - Yoz
7768,TJ-2024-v2761,Туника,Роза кружева туника,46-56,шт,Bahor - Yoz
7771,TJ-2026-v2718,Туника,Роза синий с воротником туника,46-56,шт,Bahor - Yoz
7772,TJ-2024-v2758,Туника,Роза оранжевый кружева туника,46-56,шт,Bahor - Yoz
7777,TJ-2100-v2657,Туника,Оранжевый туника,48-58,шт,Bahor - Yoz
7779,TJ-2100-v2654,Туника,Роза туника,46-56,шт,Bahor - Yoz
7790,TJ-2026-v2722,Туника,Оранжевый туника,46-56,шт,Bahor - Yoz
7791,TJ-2026-v2717,Туника,Оранжевый с воротником туника,46-56,шт,Bahor - Yoz
7792,TJ-2024-v2762,Туника,Рязка кружева туника,46-56,шт,Bahor - Yoz
7793,TJ-2024-v2759,Туника,Оранжевый кружева туника,46-56,шт,Bahor - Yoz
7794,TJ-2026-v2719,Туника,Роза с воротником туника,46-56,шт,Bahor - Yoz
7795,TJ-2026-v2790,Туника,Оранжевый с воротником туника,46-56,шт,Bahor - Yoz
7809,TJ-2026-v2721,Туника,Оранжевый с воротником туника,46-56,шт,Bahor - Yoz
7812,TJ-2026-v2853,Туника,Роза хаки с воротником туника,46-56,шт,Bahor - Yoz
7813,TJ-2024-v2854,Туника,Рязка хаки кружева туника,46-56,шт,Bahor - Yoz
7814,TJ-2026-v2832,Туника,Роза с воротником туника,46-56,шт,Bahor - Yoz
7816,TJ-2010-v2830,Туника,РОза пуговица туника,48-58,шт,Bahor - Yoz
7817,TJ-2010-v2861,Туника,Рязка оранжевый туника,48-58,шт,Bahor - Yoz
7820,TJ-2100-v2656,Туника,Роза пуговица туника,46-56,шт,Bahor - Yoz
7822,TJ-2100-v2653,Туника,Синий пуговица туника,46-56,шт,Bahor - Yoz
7823,TJ-2049-v2699,Туника,Роза горчичный туника,50-60,шт,Bahor - Yoz
7830,TJ-2049-v2746,Туника,Мини горох пуговица туника,50-60,шт,Bahor - Yoz
7833,TJ-2024-v2760,Туника,Роза оранжвый кружева туника,46-56,шт,Bahor - Yoz
7838,TJ-2010-v2858,Туника,РОза туника,48-58,шт,Bahor - Yoz
7841,TJ-2024-v2833,Туника,Роза кружева туника,46-56,шт,Bahor - Yoz
7842,TJ-2026-v2720,Туника,Роза оранжевый с воротником туника,46-56,шт,Bahor - Yoz
7849,TJ-2036-v2748,Туника,Синий пуговица туника,46-56,шт,Bahor - Yoz
7854,TJ-2026-v2802,Туника,Рязка зелёный с воротником туника,46-56,шт,Bahor - Yoz
7863,TJ-2100-v2655,Туника,Оранжевый пуговица туника,46-56,шт,Bahor - Yoz
7870,TJ-2049-v2745,Туника,Роза золотой пуговица туника,50-60,шт,Bahor - Yoz
7877,TJ-2026-v2926,Туника,Роза белый с воротником туника,46-56,шт,Bahor - Yoz
7880,TJ-2100-v2690,Туника,Роза горчичный пуговица туника,46-56,шт,Bahor - Yoz
7881,TJ-2010-v2862,Туника,Роза малиный пуговица туника,48-58,шт,Bahor - Yoz
7898,TJ-2026-v2927,Туника,Мини роза с воротником туника,46-56,шт,Bahor - Yoz
7901,TJ-2010-v2860,Туника,Роза зелёный пуговица туника,48-58,шт,Bahor - Yoz
7905,TJ-2026-v2840,Туника,Горчичный с воротником туника,46-56,шт,Bahor - Yoz
7910,TJ-2010-v2859,Туника,Роза оранжевый пуговица туника,48-58,шт,Bahor - Yoz
7911,TJ-2036-v2749,Туника,Роза оранжевый пуговица туника,46-56,шт,Bahor - Yoz
7912,TJ-2049-v2744,Туника,Роза пуговица туника,50-60,шт,Bahor - Yoz
7916,TJ-2026-v2925,Туника,Рязка фиолетовый с воротником туника,46-56,шт,Bahor - Yoz
7925,TJ-2025-v930,Туника,Мини горох завязка туника,46-56,шт,Bahor - Yoz
7928,TJ-2100-v2658,Туника,Роза пуговциа туника,46-56,шт,Bahor - Yoz
7934,TJ-2010-v2863,Туника,Роза синий пуговивца туника,48-58,шт,Bahor - Yoz
7952,TJ-2049-v2747,Туника,Горох пуговица туника,50-60,шт,Bahor - Yoz
7962,TJ-2100-v2890,Туника,Роза малиновый пуговица туника,46-56,шт,Bahor - Yoz
7963,TJ-2108-v2923,Туника,Роза жёлтый с воротником туника,46-56,шт,Bahor - Yoz
7964,TJ-2026-v2930,Туника,Роза с воротником туника,46-56,шт,Bahor - Yoz
7986,TJ-2107-v2885,Туника,Роза пуговица туника,50-60,шт,Bahor - Yoz
7988,TJ-2109-v3006,Туника,Роза туника,44-52,шт,Bahor - Yoz
7993,TJ-2100-v2891,Туника,Роза пуговица туника,46-56,шт,Bahor - Yoz
8001,TJ-2079-v2892,Туника,Роза малиновый пуговица туника,46-56,шт,Bahor - Yoz
8005,TJ-2049-v2882,Туника,Роза горчичный туника,50-60,шт,Bahor - Yoz
8010,TJ-2109-v2924,Туника,Роза горчичный с воротником туника,44-52,шт,Bahor - Yoz
8014,TJ-2026-v2928,Туника,Роза с воротником туника,46-56,шт,Bahor - Yoz
8015,TJ-2100-v2686,Туника,Фиолетовый пуговица туника,46-56,шт,Bahor - Yoz
8016,TJ-2108-v3007,Туника,Роза горчичный с воротником туника,46-56,шт,Bahor - Yoz
8017,TJ-2101-v2727,Туника,Бордовый  пуговица туника,50-60,шт,Bahor - Yoz
8018,TJ-2109-v2981,Туника,Роза хаки с воротником туника,44-52,шт,Bahor - Yoz
8021,TJ-2049-v2883,Туника,Роза пуговица туника,50-60,шт,Bahor - Yoz
8023,TJ-2108-v2982,Туника,Рзяка хаки с воротником туника,46-56,шт,Bahor - Yoz
8037,TJ-2079-v2894,Туника,Роза оранжевый туника,46-56,шт,Bahor - Yoz
8038,TJ-2079-v2893,Туника,Роза фиолетлвый пуговица туника,46-56,шт,Bahor - Yoz
8049,TJ-2111-v2966,Туника,Горох туника,44-54,шт,Bahor - Yoz
8058,TJ-2107-v2961,Туника,Мини горох пуговица туника,50-60,шт,Bahor - Yoz
8060,TJ-2010-v2864,Туника,Роза оранжевый туника,48-58,шт,Bahor - Yoz
8068,tj-2100-v3068,Туника,Синий пугвоица туника,46-56,шт,Bahor - Yoz
8082,tj-2107-v2960,Туника,Жёлтый пуговица туника,50-60,шт,Kuz - Qish
8086,tj-2049-v3066,Туника,Чернила пуговица туника,50-60,шт,Kuz - Qish
8097,Tj-2026-v2931,Туника,коричневый с воротником туника,46-56,шт,Bahor - Yoz
8098,Tj-2106-v2968,Туника,Т-синий Туника,46-56,шт,Bahor - Yoz
8106,TJ-2106-v3026,Туника,Роза синий туника,46-56,шт,Bahor - Yoz
8109,TJ-2033-v2871,Туника,Кеда туника,46-56,шт,Bahor - Yoz
8114,TJ-2049-v3114,Туника,Роза горчичный туника,50-60,шт,Bahor - Yoz
8124,TJ-2049-v2697,Туника,Роза зелёный туника,50-60,шт,Bahor - Yoz
8134,TJ-2110-v2964,Туника,Мини горох пуговица туника,46-56,шт,Bahor - Yoz
8141,Tj-2106-v3118,Туника,Роза серый туника,46-56,шт,Bahor - Yoz
8171,Tj-2026-v3222,Туника,Красный с воротником туника к/р,46-56,шт,Bahor - Yoz
8235,TJ-2114-v3280,Туника,Красный кружева косынка туника,44-52,шт,Bahor - Yoz
8249,TJ-2117-v3309,Туника,Чёрный туника,48-58,шт,Bahor - Yoz
8270,TJ-2107-v2898,Туника,Роза туника,50-60,шт,Bahor - Yoz
8320,Tj-2054-v1384,Туника,Роза с воротником туника,46-56,шт,Bahor - Yoz
8332,TJ-2049-v3388,Туника,Роза пуговица туника,50-60,шт,Bahor - Yoz
8352,TJ-2119-v3427,Туника,Роза с воротником туника,44-52,шт,Bahor - Yoz
8360,tj-2100-v3384,Туника,Роза туника,48-58,шт,Bahor - Yoz
8374,TJ-2119-v3442,Туника,Роза с воротником туника,44-52,шт,Bahor - Yoz
8390,TJ-2119-v3464,Туника,Хаки с воротником туника,44-52,шт,Bahor - Yoz
8400,TJ-2119-v3461,Туника,Роза фиолетовый с воротником туника,44-52,шт,Bahor - Yoz
8405,TJ-2119-v3483,Туника,Роза малиновый с воротником туника,44-52,шт,Bahor - Yoz
8409,TJ-2118-v3462,Туника,Роза кружева туника,50-60,шт,Bahor - Yoz
8417,TJ-2119-v3471,Туника,Роза с воротником тункика,44-52,шт,Bahor - Yoz
8437,TJ-2107-v3553,Туника,Роза туника,50-60,шт,Bahor - Yoz
8440,Tj-2119-v3507,Туника,Зелённый с воротником туника,44-52,шт,Bahor - Yoz
8442,Tj-2119-v3493,Туника,Красный с воротником туника,44-52,шт,Bahor - Yoz
8444,Tj-2068-v3649,Туника,Кувин горох туника,48-58,шт,Bahor - Yoz
8453,Tj-2119-v3592,Туника,Жёлтый с воротником туника,44-52,шт,Bahor - Yoz
8460,Tj-2124-v3554,Туника,Зелённый с пуговица туника,48-58,шт,Bahor - Yoz
8469,Tj-2054-v3557,Туника,Жёлтый с пуговица к/р туника,46-56,шт,Bahor - Yoz
8472,Tj-2054-v3558,Туника,Красный с воротником к/р туника,46-56,шт,Bahor - Yoz
8483,Tj-2050-v3564,Туника,Горох к/р туника косынка,44-52,шт,Bahor - Yoz
8484,Tj-2009-v3565,Туника,Мини горох кувин туника,46-56,шт,Bahor - Yoz
8490,Tj-2122-v3588,Туника,Фиолетвый с воротником туника,46-56,шт,Bahor - Yoz
8491,Tj-2036-v3590,Туника,Красный с пуговица туника,46-56,шт,Bahor - Yoz
8500,Tj-2054-v3560,Туника,Зелённый с воротником туника,46-56,шт,Bahor - Yoz
8503,Tj-2122-v3589,Туника,Красный с воротником туника,44-54,шт,Bahor - Yoz
8508,Tj-2049-v2856,Туника,Пуговица туника,50-60,шт,Bahor - Yoz
8515,Tj-2110-v3620,Туника,Мини горох туника,46-56,шт,Bahor - Yoz
8530,Tj-2110-v3619,Туника,Горох с пуговица туника,46-56,шт,Bahor - Yoz
8550,Tj-2110-v3618,Туника,Горох с пуговица туника,46-56,шт,Bahor - Yoz
8557,Tj-2050-v3704,Туника,Красный горох туника,46-56,шт,Bahor - Yoz
8560,Tj-2130-v3682,Туника,Бордовый с пуговица туника,46-56,шт,Bahor - Yoz
8563,Tj-2068-v3706,Туника,Бордовый горох кувин туника,48-58,шт,Bahor - Yoz
8565,Tj-2054-v3559,Туника,Красный с воротником туника,46-56,шт,Bahor - Yoz
8568,Tj-2125-v3635,Туника,Т-синий туника,46-56,шт,Bahor - Yoz
8569,Tj-2125-v3634,Туника,Бордовый туника,46-56,шт,Bahor - Yoz
8570,Tj-2119-v3711,Туника,Горох с воротником туника,44-52,шт,Bahor - Yoz
8573,Tj-2124-v3765,Туника,Фиолетвый туника,48-58,шт,Bahor - Yoz
8585,Tj-2120-v3484,Туника,Горох с пуговица туника,46-56,шт,Bahor - Yoz
8586,Tj-2119-v3722,Туника,Синий с воротником туника,46-56,шт,Bahor - Yoz
8588,Tj-2010-v3721,Туника,Фиолетвый с пуговица туника,48-58,шт,Bahor - Yoz
8589,Tj-2119-v3720,Туника,Фиолетвый с воротником туника,44-52,шт,Bahor - Yoz
8590,Tj-2133-v3690,Туника,Бордовый с пуговица туника,50-60,шт,Bahor - Yoz
8591,Tj-2124-v3775,Туника,Синий с пуговица туника,48-58,шт,Bahor - Yoz
8600,Tj-2010-v3764,Туника,Оранжевый с пуговица туника,48-58,шт,Bahor - Yoz
8604,Tj-2080-v3700,Туника,Синий с пуговица туника,46-56,шт,Bahor - Yoz
8605,Tj-2133-v3691,Туника,Чёрный с пуговица туника,50-60,шт,Bahor - Yoz
8608,Tj-2123-v3602,Туника,Бордовый туника,46-56,шт,Bahor - Yoz
8609,Tj-2125-v3688,Туника,Коричневый туника,46-56,шт,Bahor - Yoz
8610,Tj-2107-v3642,Туника,Пуговица туника,50-60,шт,Bahor - Yoz
8613,Tj-2130-v3683,Туника,Чёрный с пуговица туника,46-56,шт,Bahor - Yoz
8619,Tj-2119-v3797,Туника,Жёлтый с воротником туника,44-52,шт,Bahor - Yoz
8622,Tj-2123-v3600,Туника,Т-синий туника,46-56,шт,Bahor - Yoz
8625,Tj-2049-v3643,Туника,Зелённый с воротником туника,50-60,шт,Bahor - Yoz
8627,Tj-2130-v3748,Туника,Оранжевый с пуговица туника,46-56,шт,Bahor - Yoz
8634,Tj-2123-v3601,Туника,Чёрный туника,46-56,шт,Kuz - Qish
8636,Tj-2119-v3810,Туника,Оранжевый с воротником туника,44-52,шт,Bahor - Yoz
8638,Tj-2123-v3603,Туника,Бордовый туника,46-56,шт,Bahor - Yoz
8640,Tj-2130-v3714,Туника,Серый с пуговица туника,46-56,шт,Bahor - Yoz
8646,Tj-2079-v3701,Туника,Синий с пуговица туника,46-56,шт,Bahor - Yoz
8660,Tj-2119-v3827,Туника,Синий с воротником Туника,44-52,шт,Bahor - Yoz
8669,Tj-2109-v3786,Туника,Фиолетвый с воротником туника,44-52,шт,Bahor - Yoz
8677,Tj-2010-v149,Туника,Жёлтый с пуговица туника,46-56,шт,Bahor - Yoz
8688,Tj-2000-v3831,Туника,Синий-оранжевый с пуговица туника,46-56,шт,Bahor - Yoz
8690,Tj-2049-v3835,Туника,Оранжевый с пуговица туника,50-60,шт,Bahor - Yoz
8697,Tj-2094-v2060,Туника,Горох биюти туника,56-66,шт,Bahor - Yoz
8700,Tj-2109-v3848,Туника,Синий с воротником туника,44-52,шт,Bahor - Yoz
8711,Tj-2119-v3841,Туника,Жёлтый пуговица с воротником туника,44-52,шт,Bahor - Yoz
8718,Tj-2119-v3877,Туника,Зелённый с воротником туника,44-52,шт,Bahor - Yoz
8723,Tj-2119-v3468,Туника,Зелённый с воротником туника,44-52,шт,Bahor - Yoz
8725,Tj-2050-v3878,Туника,Горох Коричневый туника,44-52,шт,Bahor - Yoz
8732,Tj-2119-v3467,Туника,Оранжевый с воротником туника,44-52,шт,Bahor - Yoz
8734,Tj-2109-v3785,Туника,Оранжевый с воротником туника,44-52,шт,Bahor - Yoz
8750,Tj-2119-v3801,Туника,Зелённый с пуговица туника,44-52,шт,Bahor - Yoz
8752,Tj-2109-v3866,Туника,Оранжевый с воротником туника,44-52,шт,Bahor - Yoz
8767,Tj-2129-v3668,Туника,Бордовый туника,46-56,шт,Bahor - Yoz
8779,Tj-2109-v3955,Туника,Туника с воротником на пуговицах,44-52,шт,Bahor - Yoz
8783,Tj-2130-v3902,Туника,Т-синий с пуговица туника,46-56,шт,Bahor - Yoz
8835,TJ-2150v-v3986,Туника,Бюти туника,52-66,шт,Bahor - Yoz
8837,TJ-2149-v3957,Туника,Мини горох туника,46-56,шт,Bahor - Yoz
8842,TJ-2147-v3950,Туника,Максмара туника,46-56,шт,Bahor - Yoz
8859,Tj-2130-v3901,Туника,Бордовый с пуговица туника,46-56,шт,Bahor - Yoz
8863,TJ-2151-v4007,Туника,Роза оранжевый туника,48-58,шт,Bahor - Yoz
8864,tj-2069-v3947,Туника,Оранжевый пуговица тугника,44-52,шт,Bahor - Yoz
8865,tj-2119-v4035,Туника,Роза с воротником туника,44-52,шт,Bahor - Yoz
8872,tj-2069-v4013,Туника,Оранжевый пуговица туника,44-52,шт,Bahor - Yoz
8874,tj-2147-v3949,Туника,Мини горох туника,46-56,шт,Bahor - Yoz
8883,TJ-2009-v3937,Туника,Мини горох куин коричневый туника,46-56,шт,Bahor - Yoz
8884,tj-2119-v4036,Туника,Роза с воротником туника,46-56,шт,Bahor - Yoz
8891,tj-2130-v3900,Туника,Максмара туника,46-56,шт,Bahor - Yoz
8894,tj-2158-v4053,Туника,Куин мини горох туника,46-56,шт,Bahor - Yoz
8908,tj-2154-v4026,Туника,Невер полоса туника,50-60,шт,Bahor - Yoz
8909,TJ-2153-v4017,Туника,Невер полоса туника,46-56,шт,Bahor - Yoz
8920,TJ-2133-v4077,Туника,Максмара туника,50-60,шт,Bahor - Yoz
8922,TJ-2153-v4018,Туника,Максмара туника,46-56,шт,Bahor - Yoz
8924,TJ-2130-v4076,Туника,Максмара туника,46-56,шт,Bahor - Yoz
8926,TJ-2155-v4037,Туника,Крежуева с воротником туника,46-56,шт,Bahor - Yoz
8930,tj-2124-v4061,Туника,Роза туника,48-58,шт,Bahor - Yoz
8943,TJ-2050-v4050,Туника,Синий косыника туника,44-52,шт,Bahor - Yoz
8945,TJ-2119-v4055,Туника,Роза с воротником туника,44-52,шт,Bahor - Yoz
8948,TJ-2050-v4054,Туника,Хаки косынка туника,44-52,шт,Bahor - Yoz
8951,TJ-2159-v4093,Туника,Малыновый косынка туника,44-52,шт,Bahor - Yoz
8952,tj-2000-v4111,Туника,Роза пуговица туника,46-56,шт,Bahor - Yoz
8957,tj-2157-v4048,Туника,Роза пугоца туника,56-66,шт,Bahor - Yoz
8958,tj-2157-v4083,Туника,Рза туника,56-66,шт,Bahor - Yoz
8959,tj-2159-v4091,Туника,Оранжевый пуговица косынка туника,44-52,шт,Bahor - Yoz
8963,TJ-2000-v4117,Туника,Малыновый пуговица туника,46-56,шт,Bahor - Yoz
8964,TJ-2151-v4119,Туника,Роза пуговица туника,48-58,шт,Bahor - Yoz
8965,tj-2159-v4092,Туника,Синий пуговица косынка туника,44-52,шт,Bahor - Yoz
8968,tj-2050-v4074,Туника,Оранжевий косынка туника,44-52,шт,Bahor - Yoz
8970,TJ-2158-V4079,Туника,Куин мини горох туника,46-56,шт,Bahor - Yoz
8971,tj-2160-v4105,Туника,Куин мини горох туника,58-66,шт,Bahor - Yoz
8974,tj-2050-v4066,Туника,Малыновый косынка туника,44-52,шт,Bahor - Yoz
8982,tj-2124-v4125,Туника,Роза пуговица туника,48-58,шт,Bahor - Yoz
8984,tj-2119-v4131,Туника,Роза пуговица с воротником туника,44-52,шт,Bahor - Yoz
8987,tj-2124-v4155,Туника,Рога пуговица туника,48-58,шт,Bahor - Yoz
8992,TJ-2000-v4140,Туника,Роза пуговица туника,46-56,шт,Bahor - Yoz
8994,tj-2151-v4156,Туника,Роза пуговица туника,48-58,шт,Bahor - Yoz
9009,TJ-2163-v4194,Туника,Роза красный с воротником туника,46-56,шт,Bahor - Yoz
9010,tj-2157-v4123,Туника,Роза пуговица туника,56-66,шт,Bahor - Yoz
9019,TJ-2100-v4095,Туника,Роза пуговица туника,46-56,шт,Bahor - Yoz
9020,tj-2119-v4132,Туника,Роза с воротником туника,44-52,шт,Bahor - Yoz
9021,tj-2119-v4130,Туника,Роза с воротником туника,44-52,шт,Bahor - Yoz
9034,tj-2050-v4088,Туника,Голубой горох косынка туника,44-52,шт,Bahor - Yoz
9043,TJ-2162-v4191,Туника,Роза с воротником туника,46-56,шт,Bahor - Yoz
9044,tj-2124-v4121,Туника,Роза пуговица туника,48-58,шт,Bahor - Yoz
9047,tj-2119-v4255,Туника,Роза  с вротником туника,44-52,шт,Bahor - Yoz
9048,tj-2163-v4222,Туника,Роза с воротником туника,46-56,шт,Bahor - Yoz
9050,TJ-2163-v4192,Туника,Роза зелёный с воротником туника,46-56,шт,Bahor - Yoz
9052,TJ-2050-v4259,Туника,Роза косыника туника,44-52,шт,Bahor - Yoz
9053,tj-2163-v4193,Туника,Роза оранжевый с воротником туника,46-56,шт,Bahor - Yoz
9058,tj-2049-v4251,Туника,Зеленый Туника,50-60,шт,Bahor - Yoz
9062,tj-2163-v4272,Туника,Роза малыновый с воротником туника,46-56,шт,Bahor - Yoz
9068,tj-2026-v4287,Туника,Роза с воротником туника,46-56,шт,Bahor - Yoz
9069,tj-2164-v4206,Туника,Фенди пуговица туника,46-56,шт,Bahor - Yoz
9074,tj-2050-v4256,Туника,Роза косиынка туника,44-52,шт,Bahor - Yoz
9078,Tj-2026-v4299,Туника,Малиновый с воротником к/р туника,46-56,шт,Bahor - Yoz
9079,tj-2050-v4257,Туника,Роза косынка туника,44-52,шт,Bahor - Yoz
9081,tj-2050-v4258,Туника,Роза косынка туника,44-52,шт,Bahor - Yoz
9094,tj-2026-v4295,Туника,Роза с воротником пуговица туника,46-56,шт,Bahor - Yoz
9101,TJ-2049-v4315,Туника,Роза пуговица туника,50-60,шт,Bahor - Yoz
9106,Tj-2026-v4334,Туника,Зелённый с воротником туника,46-56,шт,Bahor - Yoz
9109,Tj-2026-v4331,Туника,Красный с воротником туника,46-56,шт,Bahor - Yoz
9114,Tj-2010-v4336,Туника,Малиновый с пуговица туника,46-56,шт,Bahor - Yoz
9116,Tj-2168-v4321,Туника,Красный с косинка туника,44-52,шт,Bahor - Yoz
9120,Tj-2049-v4354,Туника,Жёлтый с пуговица туника,50-60,шт,Bahor - Yoz
9127,Tj-2026-v4247,Туника,Туника с воротником и красный пуговица,46-56,шт,Bahor - Yoz
9128,Tj-2049-v4326,Туника,Розовый с пуговица туника,50-60,шт,Bahor - Yoz
9129,Tj-2026-v4351,Туника,"Голубой, жёлтый с пуговица туника",46-56,шт,Bahor - Yoz
9136,tj-2165-v4308,Туника,Роза пуговица туника,48-58,шт,Bahor - Yoz
9137,tj-2026-v4248,Туника,Роза пуговица с воротником туника,46-56,шт,Bahor - Yoz
9138,tj-2157-v4319,Туника,Роза пуговица туника,56-66,шт,Bahor - Yoz
9139,tj-2119-v4362,Туника,Красный с воротником туника,44-52,шт,Bahor - Yoz
9140,TJ-2157-v4355,Туника,Роза пуговица туника,56-66,шт,Bahor - Yoz
9142,TJ-2049-v4370,Туника,Роза пуговица туника,50-60,шт,Bahor - Yoz
9147,tj-2026-v4361,Туника,Роза с воротником туника,46-56,шт,Bahor - Yoz
9152,TJ-2133-v4372,Туника,Роза пуговица туника,50-60,шт,Bahor - Yoz
9154,tj-2133-v4371,Туника,Роза пуговица туника,50-60,шт,Bahor - Yoz
5856,TJ-2028-v245,Туника 3/4,Хаки пуговица туника 3/4,46-56,шт,Bahor - Yoz
5870,TJ-2028-v223,Туника 3/4,Горчичный роза пуговиц туника 3/4,46-56,шт,Bahor - Yoz
5875,TJ-2028-v305,Туника 3/4,Инфинитий пуговица туника 3/4,46-56,шт,Bahor - Yoz
5887,TJ-2028-v400,Туника 3/4,Мини шарик пуговица туника 3/4,48-58,шт,Bahor - Yoz
5890,TJ-2013-v317,Туника 3/4,Зебра оранжевый реглан туника 3/4,46-56,шт,Bahor - Yoz
5891,TJ-2028-v319,Туника 3/4,Зебра оранжевый пуговица туника 3/4,46-56,шт,Bahor - Yoz
5895,TJ-2028-v162,Туника 3/4,Рязка пуговица туника 3/4,46-58,шт,Bahor - Yoz
5928,TJ-2028-v225,Туника 3/4,Зелёный листь пуговица туника 3/4,46-56,шт,Bahor - Yoz
5937,TJ-2028-v394,Туника 3/4,Роза чёрный пуговица туника 3/4,48-58,шт,Bahor - Yoz
5938,TJ-2030-v1,Туника 3/4,Оранжевый пуговица туника 3/4,48-58,шт,Bahor - Yoz
5950,TJ-2035-v315,Туника 3/4,Инфинитий чёрный кружева туника 3/4,46-56,шт,Bahor - Yoz
6010,TJ-2030-v712,Туника 3/4,Оранжевый пуговица туника 3/4,48-58,шт,Bahor - Yoz
6674,TJ-2027-v1382,Туника 3/4,Роза горчичый пуговица туника 3/4,46-56,шт,Bahor - Yoz
6708,TJ-2052-v827,Туника 3/4,Чёрный пуговица вискон туника,48-58,шт,Bahor - Yoz
6848,TJ-2080-v1525,Туника 3/4,Роза оранжевый пуговица туника 3/4,46-56,шт,Bahor - Yoz
6857,TJ-2082-v1690,Туника 3/4,Роза синий пуговица туника 3/4,50-60,шт,Bahor - Yoz
6861,TJ-2083-v1636,Туника 3/4,Роза синий пуговица туника 3/4,50-60,шт,Bahor - Yoz
6907,TJ-2082-v1656,Туника 3/4,Роза зелёный пуговица туника 3/4,50-60,шт,Bahor - Yoz
6916,TJ-2086-v1692,Туника 3/4,Фиолетовый с воротником туника 3/4,46-56,шт,Bahor - Yoz
6918,TJ-2083-v1672,Туника 3/4,Чёрный пуговица туника 3/4,50-60,шт,Bahor - Yoz
6920,TJ-2087-v1717,Туника 3/4,Чёрный пуговица туника 3/4,44-54,шт,Bahor - Yoz
6924,TJ-2082-v1739,Туника 3/4,Роза пуговица туника 3/4,50-60,шт,Bahor - Yoz
6932,Tj-2083-v1655,Туника 3/4,Роза жёлтый пуговица туника 3/4,50-60,шт,Bahor - Yoz
6938,TJ-2081-v1607,Туника 3/4,Роза пуговица туника 3/4,48-58,шт,Bahor - Yoz
6941,TJ-2080-v1674,Туника 3/4,Чёрный роза пуговица туника 3/4,44-54,шт,Bahor - Yoz
6942,TJ-2086-v1693,Туника 3/4,Рязка хаки с воротником туника 3/4,46-56,шт,Bahor - Yoz
6947,TJ-2080-v1524,Туника 3/4,Фиолетовый пуговца туника 3/4,46-56,шт,Bahor - Yoz
6956,TJ-2082-v1714,Туника 3/4,Бабочка серый пуговица туника 3/4,50-60,шт,Bahor - Yoz
6960,TJ-2082-v1738,Туника 3/4,Роза пуговица туника 3/4,50-60,шт,Bahor - Yoz
6962,TJ-2083-v1736,Туника 3/4,Роза зелёный пуговица туника 3/4,50-60,шт,Bahor - Yoz
6969,TJ-2082-v1737,Туника 3/4,Зелёный роза пуговица туника 3/4,50-60,шт,Bahor - Yoz
6974,TJ-2084-v1681,Туника 3/4,Ийнитий чёрый пуговица туника 3/4,48-58,шт,Bahor - Yoz
6981,TJ-2088-v1787,Туника 3/4,Рязка хаки с воротником туника 3/4,46-56,шт,Bahor - Yoz
7008,TJ-2083-v1713,Туника 3/4,Инфинитий чёрный пуговица туника 3/4,50-60,шт,Bahor - Yoz
7022,Tj-2082-v1643,Туника 3/4,Туркуаз пуговица туника 3/4,50-60,шт,Bahor - Yoz
7029,TJ-2088-v1786,Туника 3/4,Оранживый с воротником туника 3/4,46-56,шт,Bahor - Yoz
7050,TJ-2088-v1785,Туника 3/4,Оранжевый с воротником туника 3/4,46-56,шт,Bahor - Yoz
7065,TJ-2088-v1845,Туника 3/4,Роза оранжвый с воротниокм туника 3/4,46-56,шт,Bahor - Yoz
7094,tj-2088-v1784,Туника 3/4,Роза оранжевый с воротником туника 3/4,46-56,шт,Bahor - Yoz
7103,TJ-2085-v1802,Туника 3/4,Роза малиновый с воротником туника 3/4,46-56,шт,Bahor - Yoz
7122,TJ-2081-v1679,Туника 3/4,Бабочка пуговица туника 3/4,48-58,шт,Bahor - Yoz
7123,TJ-2088-v1846,Туника 3/4,Роза с воротниоком туника 3/4,46-56,шт,Bahor - Yoz
7134,TJ-2090-v1920,Туника 3/4,Мини горох с воротником туника 3/4,48-58,шт,Bahor - Yoz
7146,Tj-2090-v2085,Туника 3/4,Средный горох с воротником туника 3/4,48-58,шт,Bahor - Yoz
7342,TJ-2092-v2312,Туника 3/4,Оранжевый кружева туника 3/4,46-56,шт,Bahor - Yoz
7343,TJ-2092-v2145,Туника 3/4,средный горох кружева туника 3/4,46-56,шт,Bahor - Yoz
7388,TJ-2092-v2326,Туника 3/4,Роза грязный кружева туника 3/4,46-56,шт,Bahor - Yoz
7402,TJ-2092-v2335,Туника 3/4,Роза кружева туника 3/4,46-56,шт,Bahor - Yoz
7431,TJ-2092-v2327,Туника 3/4,Голубой кружева туника 3/4,46-56,шт,Bahor - Yoz
7438,TJ-2085v-2370,Туника 3/4,Роза оранжевый с воротником туника 3/4,46-56,шт,Bahor - Yoz
7443,TJ-2096-v2353,Туника 3/4,Фиолетовый пуговица туника 3/4,46-56,шт,Kuz - Qish
7444,TJ-2096-v2364,Туника 3/4,Роза молочный пуговица туника 3/4,46-56,шт,Bahor - Yoz
7447,TJ-2085-v2370,Туника 3/4,Роза оранжевый с воротником туника 3/4,46-56,шт,Bahor - Yoz
7458,TJ-2082-v2400,Туника 3/4,Роза молочный пуговица туника 3/4,50-60,шт,Bahor - Yoz
7464,TJ-2089-v2131,Туника 3/4,Фиолетовый пуговица туника 3/4,46-56,шт,Bahor - Yoz
7467,TJ-2085-v2424,Туника 3/4,Роза красный с воротником туника 3/4,46-56,шт,Bahor - Yoz
7476,TJ-2096-v2379,Туника 3/4,Роза оранжевый пуговица туника 3/4,46-56,шт,Bahor - Yoz
7491,TJ-2082-v2398,Туника 3/4,Роза голубой пуговица туника 3/4,50-60,шт,Bahor - Yoz
7518,TJ-2082-v2401,Туника 3/4,Роза белый пуговица туника 3/4,50-60,шт,Kuz - Qish
7522,TJ-2013-v2466,Туника 3/4,Роза серый пуговица туника 3/4,46-56,шт,Kuz - Qish
7528,TJ-2088-v1783,Туника 3/4,Роза фиолетовый с воротником туника 3/4,46-56,шт,Bahor - Yoz
7535,Tj-2088-v1970,Туника 3/4,Горох с воротником туника 3/4,46-56,шт,Kuz - Qish
7536,xj-3057-v1915,Туника 3/4,Оранжевый пуговица с воротником халат 3/4,44-54,шт,Bahor - Yoz
7546,TJ-2096-v2467,Туника 3/4,Зелёный пуговица туника 3/4,46-56,шт,Kuz - Qish
7557,TJ-2028-v2446,Туника 3/4,Роза красный пуговица туника 3/4,48-58,шт,Bahor - Yoz
7558,TJ-2088-v1848,Туника 3/4,Роза малиновый с воротником туника 3/4,46-56,шт,Bahor - Yoz
7565,TJ-2028-v2518,Туника 3/4,Роза синий пуговица туника 3/4,48-58,шт,Kuz - Qish
7570,TJ-2088-v1968,Туника 3/4,Средный горох с воротником туника 3/4,46-56,шт,Bahor - Yoz
7572,TJ-2013-v2489,Туника 3/4,Роза горчичный пуговица туника 3/4,46-56,шт,Bahor - Yoz
7576,TJ-2082-v2381,Туника 3/4,Роза зелёный пуговица туника 3/4,50-60,шт,Bahor - Yoz
7582,TJ-2088-v1969,Туника 3/4,Горох красный с воротником туника 3/4,46-56,шт,Bahor - Yoz
7599,tj-2096-V2383,Туника 3/4,Оранжевый туника 3/4,46-56,шт,Bahor - Yoz
7602,TJ-2080-v2622,Туника 3/4,Синий пуговица туника 3/4,46-56,шт,Bahor - Yoz
7604,TJ-2013-v2486,Туника 3/4,Горох пуговица туника 3/4,46-56,шт,Bahor - Yoz
7605,TJ-2028-v2506,Туника 3/4,Роза зелёный туника 3/4,48-58,шт,Bahor - Yoz
7613,TJ-2082-v2380,Туника 3/4,Роза золотовый туника 3/4,50-60,шт,Bahor - Yoz
7618,TJ-2092-v2525,Туника 3/4,Роза грязный кружева туника 3/4,46-56,шт,Bahor - Yoz
7619,TJ-2085-v2367,Туника 3/4,Роза грязный с воротником  туника,46-56,шт,Bahor - Yoz
7649,TJ-2096-v2382,Туника 3/4,Оранжевый пуговица туника 3/4,46-56,шт,Bahor - Yoz
7650,TJ-2096-v2459,Туника 3/4,Грязный пуговица туника 3/4,46-56,шт,Bahor - Yoz
7660,TJ-2096-v2354,Туника 3/4,Красный пуговица туника 3/4,46-56,шт,Bahor - Yoz
7663,TJ-2082-v2505,Туника 3/4,Фиолетовый пуговица туника 3/4,50-60,шт,Bahor - Yoz
7675,TJ-2092-v2637,Туника 3/4,Роза кружева туника 3/4,46-56,шт,Bahor - Yoz
7686,TJ-2096-v2517,Туника 3/4,Роза пуговица туника 3/4,46-56,шт,Bahor - Yoz
7687,TJ-2082-v2521,Туника 3/4,Роза пуговица туника 3/4,50-60,шт,Bahor - Yoz
7718,TJ-2096-v2375,Туника 3/4,Роза грязный туника 3/4,46-56,шт,Bahor - Yoz
7722,TJ-2096-v2374,Туника 3/4,Роза пуговица туника 3/4,46-56,шт,Bahor - Yoz
7723,TJ-2102-v2666,Туника 3/4,Роза пуговица туника 3/4,48-58,шт,Bahor - Yoz
7730,TJ-2082-v2507,Туника 3/4,Роза пуговица туника 3/4,50-60,шт,Bahor - Yoz
7732,TJ-2104-v2659,Туника 3/4,Роза голубой туника 3/4,46-56,шт,Bahor - Yoz
7738,TJ-2082-v2396,Туника 3/4,Рязка фиолетовый туника 3/4,50-60,шт,Bahor - Yoz
7744,TJ-2082-v2621,Туника 3/4,Роза хаки туника 3/4,50-60,шт,Bahor - Yoz
7749,TJ-2102-v2661,Туника 3/4,Оранжевый туника 3/4,48-58,шт,Bahor - Yoz
7751,TJ-2102-v2662,Туника 3/4,Синий туника 3/4,48-58,шт,Bahor - Yoz
7770,TJ-2102-v2694,Туника 3/4,Роза зелёный туника 3/4,48-58,шт,Bahor - Yoz
7819,TJ-2101-v2729,Туника 3/4,Серый пуговица туника,50-58,шт,Bahor - Yoz
7835,TJ-2101-v2728,Туника 3/4,Хаки пуговица туника 3/4,50-60,шт,Bahor - Yoz
7909,TJ-2102-v2664,Туника 3/4,Роза пуговица туника 3/4,48-58,шт,Bahor - Yoz
7931,TJ-2102-v2660,Туника 3/4,Роза пуговица туника 3/4,46-56,шт,Bahor - Yoz
7956,TJ-2102-v2663,Туника 3/4,Роза пуговица туника 3/4,48-58,шт,Bahor - Yoz
7957,TJ-2104-v2660,Туника 3/4,Роза синий пуговица туника 3/4,46-56,шт,Bahor - Yoz
8030,TJ-2101-v2726,Туника 3/4,Т-синий пуговица туника 3/4,50-60,шт,Bahor - Yoz
8036,TJ-2102-v2665,Туника 3/4,Роза горчичный пуговица туника 3/4,48-58,шт,Bahor - Yoz
8105,TJ-2102-v2702,Туника 3/4,Роза синий пуговица туника 3/4,48-58,шт,Bahor - Yoz
8587,Tj-2028-v3751,Туника 3/4,Оранжевый с пуговица 3/4 туника,48-58,шт,Bahor - Yoz
8594,Tj-2127-v3717,Туника 3/4,Оранжевый 3/4 туника,46-56,шт,Bahor - Yoz
8614,Tj-2013-v3742,Туника 3/4,Оранжевый с пуговица 3/4 туника,46-56,шт,Bahor - Yoz
8618,Tj-2126-v3640,Туника 3/4,Жёлтый с пуговица лимон 3/4 туника,48-58,шт,Bahor - Yoz
8623,Tj-2127-v3657,Туника 3/4,Фиолетвый 3/4 туника,46-56,шт,Bahor - Yoz
8633,Tj-2127-v3702,Туника 3/4,Синий 3/4 туника,46-56,шт,Bahor - Yoz
8647,Tj-2135-v3774,Туника 3/4,Фиолетвый с пуговица 3/4 туника,48-58,шт,Bahor - Yoz
8672,Tj-2013-v3778,Туника 3/4,Синий с пуговица 3/4 туника,46-56,шт,Bahor - Yoz
8685,Tj-2134-v3757,Туника 3/4,Т-синий с карманы 3/4 туника,46-56,шт,Bahor - Yoz
8687,Tj-2138-v3834,Туника 3/4,Синий-оранжевый с пуговица 3/4 туника,48-58,шт,Bahor - Yoz
8689,Tj-2139-v3836,Туника 3/4,Оранжевый с пугрвица 3/4 туника,46-56,шт,Bahor - Yoz
8691,Tj-2140-v3837,Туника 3/4,Оранжевый с пуговица 3/4 туника,48-58,шт,Bahor - Yoz
8713,Tj-2028-v3832,Туника 3/4,Оранжевый с пуговица 3/4 туника,48-58,шт,Bahor - Yoz
8722,Tj-2144-v3872,Туника 3/4,Оранжевый с большой 3/4 туника,46-56,шт,Bahor - Yoz
8744,Tj-2135-v3776,Туника 3/4,Синий с пуговица 3/4 туника,48-58,шт,Bahor - Yoz
8766,Tj-2144-v3871,Туника 3/4,Малиновый с большой пуговица 3/4 туника,46-56,шт,Bahor - Yoz
8771,Tj-2101-v2725,Туника 3/4,Бордовый 3/4 туника,50-60,шт,Bahor - Yoz
8818,TJ-2013-v3773,Туника 3/4,Оранжевый туника 3/4,46-56,шт,Bahor - Yoz
8823,tj-2142-v3873,Туника 3/4,Т-синий пугоивца туника 3/4,46-56,шт,Bahor - Yoz
8829,TJ-2013-v3971,Туника 3/4,Максмара Туника 3/4,46-56,шт,Bahor - Yoz
8839,TJ-2144-v3870,Туника 3/4,Синий пуговица туника 3/4,46-56,шт,Bahor - Yoz
8853,TJ-2013-v3972,Туника 3/4,Максмара Бордо туника 3/4,46-56,шт,Bahor - Yoz
8856,tj-2141-v3799,Туника 3/4,Куин мини орох туника 3/4,46-56,шт,Bahor - Yoz
8910,TJ-2013-v3985,Туника 3/4,Невер полоса туника 3/4,46-56,шт,Bahor - Yoz
8911,TJ-2152-v3995,Туника 3/4,Роза малиновый туника 3/4,48-58,шт,Bahor - Yoz
8985,TJ-2161-v4144,Туника 3/4,Полоса оранжевый пуговица туника,50-60,шт,Bahor - Yoz
6574,TJ-2052-v830,Туника 3/4 вискон,Пламя горчичный пуговица туника вискон 3/4,48-58,шт,Bahor - Yoz
6722,TJ-2052-v829,Туника 3/4 вискон,Пламя зелёный вискон туника 3/4,48-58,шт,Bahor - Yoz
6840,TJ-2052-v828,Туника 3/4 вискон,Роза зелёный пуговица вискон  туника 3/4,48-58,шт,Bahor - Yoz
6908,TJ-2052-v831,Туника 3/4 вискон,Салатовый пуговица вискон туника 3/4,48-58,шт,Bahor - Yoz
7987,TJ-2112-v3038,Туника новогодный,Сердечка туника,44-54,шт,Kuz - Qish
7989,TJ-2112-v3039,Туника новогодный,Ёлка красный туника,44-54,шт,Kuz - Qish
7990,TJ-2112-v3043,Туника новогодный,Красный туника,44-54,шт,Kuz - Qish
8000,TJ-2112-v3036,Туника новогодный,Красный хохо туника,44-54,шт,Kuz - Qish
8002,TJ-2112-v3042,Туника новогодный,Ёлка красный туника,44-54,шт,Kuz - Qish
8013,TJ-2112-v3034,Туника новогодный,Хохо красный туника,44-54,шт,Kuz - Qish
8053,TJ-2112-V3033,Туника новогодный,Красный Туника,44-54,шт,Kuz - Qish
8054,tj-2112-v3037,Туника новогодный,Красный туника,44-54,шт,Kuz - Qish
8057,TJ-2112-v3035,Туника новогодный,Красный туника,44-54,шт,Kuz - Qish
8067,tj-2112-v3040,Туника новогодный,красный можжевельник туника,44-54,шт,Kuz - Qish
8071,Tj-2112-v3041,Туника новогодный,Красный ёлка туника,44-54,шт,Kuz - Qish
5997,TJ-2047v-v664,Туника штапель,Оранжевый пуговица штапель туника,50-60,шт,Bahor - Yoz
6005,TJ-2047-v664,Туника штапель,Пламя оранжевый пуговица штапель туника,50-60,шт,Bahor - Yoz
6007,TJ-2042-v464,Туника штапель,Мини ромашка пуговица штапель туника,48-58,шт,Bahor - Yoz
6009,TJ-2045-v536,Туника штапель,Роза микс цвет с воротником штапель туника,46-54,шт,Bahor - Yoz
6012,TJ-2042-v470,Туника штапель,Роза жёлтый пуговица штапель туника,48-58,шт,Bahor - Yoz
6026,TJ-2042-v466,Туника штапель,Роза розовый пуговица туника шатпель,48-58,шт,Bahor - Yoz
6027,TJ-2045-v538,Туника штапель,Шарик оранжевый с воротником туника штапель,46-54,шт,Bahor - Yoz
6039,TJ-2047V-v668,Туника штапель,Пламя оранжевый пуговица туника,50-60,шт,Bahor - Yoz
6050,TJ-2047V-v706,Туника штапель,Пламя розовый пуговица штапель туника,50-60,шт,Bahor - Yoz
6051,TJ-2045-v534,Туника штапель,Фиолетовый роза с воротником туника штапель,46-54,шт,Bahor - Yoz
6052,TJ-2042-v468,Туника штапель,Мини роза белый пуговица туника штапель,48-58,шт,Bahor - Yoz
6062,TJ-2042-v632,Туника штапель,Роза зелёный пуговица штапель туника,48-58,шт,Bahor - Yoz
6066,TJ-2045-v642,Туника штапель,Роза голубой с воротником туника штапель,46-54,шт,Bahor - Yoz
6084,TJ-2045-v645,Туника штапель,Роза гррчичный с воротником туника штапель,46-54,шт,Bahor - Yoz
6087,TJ-2046-v649,Туника штапель,Роза с воротником пуговица штапель туника,46-54,шт,Bahor - Yoz
6098,TJ-2046-v659,Туника штапель,Шарик коричневый с воротником туника штапель,46-54,шт,Bahor - Yoz
6106,TJ-2046-v661,Туника штапель,Штапел с воротником туника,46-54,шт,Bahor - Yoz
6107,TJ-2042-v472,Туника штапель,Штапел плавка туника,48-58,шт,Bahor - Yoz
6109,TJ-2047-v678,Туника штапель,Штапел туника,50-60,шт,Bahor - Yoz
6116,TJ-2047-v674,Туника штапель,Штапел туника,50-60,шт,Bahor - Yoz
6117,TJ-2042-v636,Туника штапель,Штапель туника,48-58,шт,Bahor - Yoz
6124,TJ-2047-v676,Туника штапель,Штапель туника,50-60,шт,Bahor - Yoz
6126,TJ-2045-v647,Туника штапель,Штапель с воротником туника,46-54,шт,Bahor - Yoz
6143,TJ-2045-v640,Туника штапель,Роза оранжевый с воротником туника штапель,46-54,шт,Bahor - Yoz
6153,TJ-2045-v872,Туника штапель,Зелёный с воротником туника штапель,46-54,шт,Bahor - Yoz
6154,TJ-2047V-v869,Туника штапель,Ментол пуговица туника штапель,50-60,шт,Bahor - Yoz
6155,TJ-2045-v870,Туника штапель,Белый роза с воротгником туника штапель,46-54,шт,Bahor - Yoz
6157,TJ-2047V-v868,Туника штапель,Горчичный шарик туника штапель,50-60,шт,Bahor - Yoz
6158,TJ-2042-v634,Туника штапель,Роза горчичный пугоивица туника штапель,48-58,шт,Bahor - Yoz
6172,TJ-2047-v867,Туника штапель,Узор мор штапель туника,50-60,шт,Bahor - Yoz
6179,TJ-2045-v924,Туника штапель,Роза белый с воротником штапель туника,46-54,шт,Bahor - Yoz
6193,TJ-2045-v919,Туника штапель,Шарик микс цвет с воротником штапелб туника,46-54,шт,Bahor - Yoz
6197,TJ-2047V-v866,Туника штапель,Шарик белый пуговица штапелб туника,50-60,шт,Bahor - Yoz
6198,TJ-2046-v655,Туника штапель,Роза горчичный с воротником туинка штапель,46-54,шт,Bahor - Yoz
6206,TJ-2047V-V666,Туника штапель,Зелёный пламя туника штапель,50-60,шт,Bahor - Yoz
6207,TJ-2055-v980,Туника штапель,Роза малыновый штапель туника,50-60,шт,Bahor - Yoz
6208,TJ-2042-v638,Туника штапель,Роза голубой пуговица туника штапель,48-58,шт,Bahor - Yoz
6209,TJ-2045-v540,Туника штапель,Роза белый с воротником туника штапель,46-54,шт,Bahor - Yoz
6218,TJ-2045-v921,Туника штапель,Жёлтый с воротником туника штапель,46-54,шт,Bahor - Yoz
6219,TJ-2046-v657,Туника штапель,Роза голубой с воротником туника штапель,46-54,шт,Bahor - Yoz
6220,TJ-2046-v651,Туника штапель,Роза синий с воротником туника штапель,46-54,шт,Bahor - Yoz
6221,Tj-2055-v943,Туника штапель,Роза розовый штапель туника,50-60,шт,Bahor - Yoz
6229,TJ-2045-v873,Туника штапель,Роза молочный с воротником штапель туника,46-54,шт,Bahor - Yoz
6230,TJ-2047V-v704,Туника штапель,Пламя пуговица туника штапель,50-60,шт,Bahor - Yoz
6234,TJ-2045-v874,Туника штапель,Роза оранжевый с воротником туника штапель,46-54,шт,Bahor - Yoz
6235,TJ-2046-v952,Туника штапель,Шарик фиолетовый с воротником туника штапель,46-54,шт,Bahor - Yoz
6239,TJ-2055-v942,Туника штапель,Роза синий штапель туника,50-60,шт,Bahor - Yoz
6242,TJ-2047V-v670,Туника штапель,Пламя горчичный пуговица туника штапель,50-60,шт,Bahor - Yoz
6251,TJ-2055-v940,Туника штапель,Роза синий штапель туника,50-60,шт,Bahor - Yoz
6252,TJ-2045-v923,Туника штапель,Роза синий с воротником туника штапель,46-54,шт,Bahor - Yoz
6255,TJ-2045-v922,Туника штапель,Роза синий с воротником туника штапель,46-54,шт,Bahor - Yoz
6263,TJ-2053-V877,Туника штапель,Роза горчичный пуговица туника штапель,46-54,шт,Bahor - Yoz
6264,TJ-2047V-v672,Туника штапель,Пламя пуговица туника штапель,50-60,шт,Bahor - Yoz
6265,TJ-2045-v979,Туника штапель,Роза синий с воротником туника штапель,46-54,шт,Bahor - Yoz
6270,TJ-2055-v941,Туника штапель,Роза горчичный туника штапель,50-60,шт,Bahor - Yoz
6280,TJ-2045-v875,Туника штапель,Роза с воротником туника штапель,46-54,шт,Bahor - Yoz
6281,TJ-2055-v938,Туника штапель,Роза малновый туника штапель,50-60,шт,Bahor - Yoz
6282,TJ-2055-v939,Туника штапель,Роза голубой пуговица туника штапель,50-60,шт,Bahor - Yoz
6291,TJ-2053-v879,Туника штапель,Мини роза пуговица штапель туника,46-54,шт,Bahor - Yoz
6304,TJ-2045-v1090,Туника штапель,Мини горох зелёный с воротником штапель туника,46-54,шт,Bahor - Yoz
6310,TJ-2047-v1110,Туника штапель,Роза голубой пуговица туника штапель,50-60,шт,Bahor - Yoz
6311,TJ-2047-v1111,Туника штапель,Роза зелёный пуговица туника штапель,50-60,шт,Bahor - Yoz
6312,TJ-2047-v1112,Туника штапель,Роза горчичный пуговица туника штапель,50-60,шт,Bahor - Yoz
6321,TJ-2045-v1089,Туника штапель,Мини горох грязный с воротником туника штапель,46-54,шт,Bahor - Yoz
6323,TJ-2045-v1088,Туника штапель,Мини горох горчичный с воротником туника штапель,46-54,шт,Bahor - Yoz
6358,TJ-2055-v944,Туника штапель,Роза малиновый штапель туника,50-60,шт,Bahor - Yoz
6359,TJ-2045--v1093,Туника штапель,Мини горох оранжевый с воротником туника штапель,46-54,шт,Bahor - Yoz
6360,TJ-2057-v1095,Туника штапель,Роза голубой пуговица туника штапель,46-54,шт,Bahor - Yoz
6361,TJ-2046-v1184,Туника штапель,Роза белый с воротником туника штапель,46-54,шт,Bahor - Yoz
6362,TJ-2053-v878,Туника штапель,Белый роза пуговица туника штапель,46-54,шт,Bahor - Yoz
6364,TJ-2053-v876,Туника штапель,Роза зелёный пуговица туника штапель,46-54,шт,Bahor - Yoz
6369,TJ-2045-v1093,Туника штапель,Мини горох оранжевый с воротником туника штапель,46-54,шт,Bahor - Yoz
6371,Tj-2045-v1246,Туника штапель,Листь синий с воротником туника штапель,46-54,шт,Bahor - Yoz
6372,TJ-2045-v1248,Туника штапель,Роза листь розовый с воротником туника штапель,46-54,шт,Bahor - Yoz
6374,TJ-2045-v1091,Туника штапель,Мини горох малиновый с воротником туника штапель,46-54,шт,Bahor - Yoz
6384,TJ-2046-v1151,Туника штапель,Оранжевый роза с воротником туника штапель,46-54,шт,Bahor - Yoz
6385,TJ-2045-v1247,Туника штапель,Роза горчичный с воротником туника штапель,46-54,шт,Bahor - Yoz
6386,TJ-2057-v1083,Туника штапель,Синий пуговица туника штапель,46-54,шт,Bahor - Yoz
6388,TJ-2046-v1148,Туника штапель,Роза оранжевый с воротником туника штапель,46-54,шт,Bahor - Yoz
6390,TJ-2057-v1096,Туника штапель,Роза пуговица туника штапель,46-54,шт,Bahor - Yoz
6410,TJ-2045-v1237,Туника штапель,Роза синий с воротником туника штапель,46-54,шт,Bahor - Yoz
6411,TJ-2046-v1149,Туника штапель,Роза розовый с воротником туника штапель,46-54,шт,Bahor - Yoz
6417,TJ-2046-v1152,Туника штапель,Роза жёлтый с воротником туника штапель,46-54,шт,Bahor - Yoz
6418,TJ-2045-v1296,Туника штапель,Шарик розовый с воротником туника штапель,46-54,шт,Bahor - Yoz
6419,TJ-2045-v1240,Туника штапель,Фиолетовый ромашка с воротником туника штапель,46-54,шт,Bahor - Yoz
6421,TJ-2057-v1082,Туника штапель,Зелёный пуговица туника штапель,46-54,шт,Bahor - Yoz
6422,TJ-2057-v1094,Туника штапель,Горчичный пуговица туника штапель,46-54,шт,Bahor - Yoz
6423,TJ-2045-v1239,Туника штапель,Белый роза с воротником туника штапель,46-54,шт,Bahor - Yoz
6424,TJ-2057-v1084,Туника штапель,Роза синий пуговица туника штапель,46-54,шт,Bahor - Yoz
6436,TJ-2046-v1150,Туника штапель,Роза фиолетовый  с воротнкиом туника штапель,46-54,шт,Bahor - Yoz
6437,Tj-2045-v1235,Туника штапель,Роза розовый с воротником туника штапель,46-54,шт,Bahor - Yoz
6438,TJ-2057-v1081,Туника штапель,Роза синий пуговица туника штапель,46-54,шт,Bahor - Yoz
6442,TJ-2046-v1147,Туника штапель,Роза горчичный с воротником туника штапель,46-54,шт,Bahor - Yoz
6444,TJ-2045-v1234,Туника штапель,Роза жёлтый с воротником туника штапель,46-54,шт,Bahor - Yoz
6455,TJ-2045-v1092,Туника штапель,Средный горох с воротником туника штапель,46-54,шт,Bahor - Yoz
6467,TJ-2061-v1157,Туника штапель,Зелёный зебра 3/4 штапель туника,50-60,шт,Bahor - Yoz
6477,TJ-2071-v1166,Туника штапель,Роза синий пуговица туника штапель,48-58,шт,Bahor - Yoz
6478,TJ-2045-v1238,Туника штапель,Фиолетовый роза с воротником туника штапель,46-54,шт,Bahor - Yoz
6479,TJ-2045-v1236,Туника штапель,Роза розовый с воротником туника штапель,46-54,шт,Bahor - Yoz
6497,TJ-2065-v1229,Туника штапель,Роза горчичный пуговица штапель туника,46-54,шт,Bahor - Yoz
6505,TJ-2071-v1154,Туника штапель,Зелёный пуговица туника штапель,48-58,шт,Bahor - Yoz
6506,TJ-2065-v1232,Туника штапель,Роза горчичный пуговица туника штапель,46-54,шт,Bahor - Yoz
6507,TJ-2071-v1165,Туника штапель,Роза серый пуговица туника штапель,48-58,шт,Bahor - Yoz
6513,TJ-2065-v1233,Туника штапель,Листь зелёный пуговица туника штапель,46-54,шт,Bahor - Yoz
6516,TJ-2045-v1312,Туника штапель,Плюс горчичный с воротником туника штапель,46-54,шт,Bahor - Yoz
6517,TJ-2045-v1308,Туника штапель,Плюс зелёный с воротником туника штапель,46-54,шт,Bahor - Yoz
6530,Tj-2065-v1230,Туника штапель,РОза синий пуговица туника штапель,46-54,шт,Bahor - Yoz
6533,TJ-2071-v1380,Туника штапель,Роза горчичный пуговица туника штапель,48-58,шт,Bahor - Yoz
6535,tj-2071-v1153,Туника штапель,Роза синий пуговица туника штапель,48-58,шт,Bahor - Yoz
6536,TJ-2065-v1383,Туника штапель,РОза розовый пуговица туника штапель,46-54,шт,Bahor - Yoz
6537,TJ-2057-v1130,Туника штапель,Роза синий пуговица туника штапель,46-54,шт,Bahor - Yoz
6539,TJ-2061-v1159,Туника штапель,Зебра грязный туника штапель 3/4,50-60,шт,Bahor - Yoz
6566,TJ-2045-v1311,Туника штапель,Мини горох малиновый с воротником туника штапель,44-52,шт,Bahor - Yoz
6568,TJ-2061-v1472,Туника штапель,Полоса сервый туника штапель 3/4,50-60,шт,Bahor - Yoz
6598,TJ-2045-v1310,Туника штапель,Роза розовый с воротником туника штапель,46-54,шт,Bahor - Yoz
6606,TJ-2045-v1407,Туника штапель,Роза оранжевый с воротником туника штапель,46-54,шт,Bahor - Yoz
6624,TJ-2061-v1158,Туника штапель,Зебра грязный туника штапель 3/4,50-60,шт,Bahor - Yoz
6625,TJ-2065-v1231,Туника штапель,Синий роза пугоивца туника штапель,46-54,шт,Bahor - Yoz
6626,TJ-2061-v1155,Туника штапель,Зебра белый туника штапель 3/4,50-60,шт,Bahor - Yoz
6668,TJ-2045-v1440,Туника штапель,Зелёный квадрат с воротником туника штапель,46-54,шт,Bahor - Yoz
6669,TJ-2071-v1345,Туника штапель,Зелёный роза пуговица туника штапель,48-58,шт,Bahor - Yoz
6673,TJ-2071-v1347,Туника штапель,Роза голубой пуговица туника штапель,48-58,шт,Bahor - Yoz
6682,TJ-2065-v1455,Туника штапель,Зелёный пуговица туника штапель,46-54,шт,Bahor - Yoz
6683,TJ-2071-v1346,Туника штапель,Листь пуговица туника шатпель,48-58,шт,Bahor - Yoz
6686,TJ-2045-v1406,Туника штапель,РОза зелёный с воротником туника штапель,46-54,шт,Bahor - Yoz
6689,TJ-2053-v1451,Туника штапель,Роза фиолетовый пуговица туника штапель,46-54,шт,Bahor - Yoz
6691,TJ-2045-v1418,Туника штапель,Роза молочный с воротником туника штапель,46-54,шт,Bahor - Yoz
6693,TJ-2045-v1438,Туника штапель,Квадрат зелёный с воротником туника,46-54,шт,Bahor - Yoz
6705,TJ-2061-v1156,Туника штапель,ЖЁлтый зебра штапел 3/4 туника,50-60,шт,Bahor - Yoz
6706,TJ-2065-v1459,Туника штапель,Голубой пуговица туника штапель,46-54,шт,Bahor - Yoz
6707,TJ-2045-v1565,Туника штапель,Литьс с воротником туника штапель,46-54,шт,Bahor - Yoz
6731,TJ-2045-v1439,Туника штапель,Серый с воротником туника штапель,46-54,шт,Bahor - Yoz
6733,TJ-2053-v1448,Туника штапель,Роза молочный пуговица туника штапель,46-54,шт,Bahor - Yoz
6734,TJ-2053-v1452,Туника штапель,Роза синий пуговица туника штапель,46-54,шт,Bahor - Yoz
6748,TJ-2053-v1450,Туника штапель,Роза синий пуговица туника штапель,46-54,шт,Bahor - Yoz
6750,TJ-2045-v1526,Туника штапель,Квадрат мор с воротником туника штапель,46-54,шт,Bahor - Yoz
6751,TJ-2045-v1419,Туника штапель,Роза белый с вортником туника штапель,46-54,шт,Bahor - Yoz
6753,Tj-2053-v1454,Туника штапель,Роза зелёный пуговица туника,46-54,шт,Bahor - Yoz
6762,TJ-2046-v1465,Туника штапель,Роза оранжевый с воротниокм туника штапель,46-54,шт,Bahor - Yoz
6764,TJ-2065-v1460,Туника штапель,Серый пуговица туника штапель,46-54,шт,Bahor - Yoz
6767,TJ-2053-v1453,Туника штапель,Роза малиновый пуговица штапель туника,46-54,шт,Bahor - Yoz
6777,TJ-2046-v1467,Туника штапель,Зелёный с воротником туника штапель,46-54,шт,Bahor - Yoz
6780,TJ-2045-v1528,Туника штапель,Квадрат синий с воротником туника штапель,46-54,шт,Bahor - Yoz
6787,TJ-2053-v1449,Туника штапель,Роза синий с воротником туника штапель,46-54,шт,Bahor - Yoz
6793,tj-2065-v1456,Туника штапель,Коричневый листь пугоивица туника штапель,46-54,шт,Bahor - Yoz
6794,Tj-2065-v1458,Туника штапель,Малиновый листь пуговица туника штапель,46-54,шт,Bahor - Yoz
6795,tj-2046-v1468,Туника штапель,Роза синий с воротником туника штапель,46-54,шт,Bahor - Yoz
6797,TJ-2045-v1527,Туника штапель,Квадрат красный с воротником туника штапель,46-54,шт,Bahor - Yoz
6798,TJ-2045-v1529,Туника штапель,Квадрат горчичный с воротником туника штапель,46-54,шт,Bahor - Yoz
6799,TJ-2065-v1457,Туника штапель,Роза листь малиновый пуговица туника штапель,46-54,шт,Bahor - Yoz
6800,tj-2045-v1530,Туника штапель,Квадрат синий с воротником туника штапель,46-54,шт,Bahor - Yoz
6831,TJ-2046-v1469,Туника штапель,Роза молочный с воротнником туника штапель,46-54,шт,Bahor - Yoz
9103,tj-2165-v4320,Туника штапель,Роза пуговица штапель вискон туника,48-58,шт,Bahor - Yoz
9110,Tj-2165-v4322,Туника штапель,Жёлтый с пуговица штапель вискон туника,48-58,шт,Bahor - Yoz
9119,Tj-2165-v4307,Туника штапель,Серый с пуговица штапель вискон туника,48-58,шт,Bahor - Yoz
9121,Tj-2165-v4310,Туника штапель,Коричневый с пуговица штапель вискон туника,48-58,шт,Bahor - Yoz
8130,TJ-2020-v3192,Туника-лафша,Зелёный лафша туника,46-54,шт,Bahor - Yoz
8158,TJ-2020-v3193,Туника-лафша,Красный лафша туника,46-54,шт,Bahor - Yoz
8161,TJ-2020-v3194,Туника-лафша,Полоса коричневый лафша туника,46-54,шт,Bahor - Yoz
8199,TJ-2020-v3191,Туника-лафша,Серый лафша туника,46-54,шт,Bahor - Yoz
8497,Tj-2121-v3594,Туника-лафша,Серый лапша туника,44-52,шт,Bahor - Yoz
8502,Tj-2121-v3593,Туника-лафша,Зелённый лапша туника,44-52,шт,Bahor - Yoz
8511,Tj-2121-v3595,Туника-лафша,Красный лафша туника,44-52,шт,Bahor - Yoz
8665,Tj-2132-v3685,Туника-лафша,Чёрный лапша туника,44-52,шт,Bahor - Yoz
8704,Tj-2132-v3686,Туника-лафша,Т-синий лапша туника,44-52,шт,Bahor - Yoz
8817,TJ-2121-v3626,Туника-лафша,Коричневый лафша туника,44-52,шт,Bahor - Yoz
9143,TJ-2167-v4323,Туника-штапель-3/4,Фиолетовый пуговица штапель туника,50-60,шт,Bahor - Yoz
9144,TJ-2167-v4318,Туника-штапель-3/4,Роза штапель туника 3/4,50-60,шт,Bahor - Yoz
9145,TJ-2167-v4325,Туника-штапель-3/4,РОза малиновый штапель туника 3/4,50-60,шт,Bahor - Yoz
9153,tj-2167-v4317,Туника-штапель-3/4,Роза штапелуь туника 3/4,50-60,шт,Bahor - Yoz
9155,TJ-2167-v4324,Туника-штапель-3/4,Роза горчичный штапель туника,50-60,шт,Bahor - Yoz
6557,PJ-1041-v1313,Фут штаны штапель,Лайф хаки футболка супрем штаны штапель,46-56,шт,Bahor - Yoz
6627,PJ-1041-v1315,Фут штаны штапель,Оранжевый футболка сепрем штаны штапель,46-56,шт,Bahor - Yoz
6788,PJ-1041-v1316,Фут штаны штапель,Зелёный футболка супрем штаны штапуль,46-56,шт,Bahor - Yoz
6717,PJ-1001-v1404,Футболка бриджи лафша,Вишня красный  лафша футболка бриджи,44-52,шт,Bahor - Yoz
6832,PJ-1050-v1653,Футболка бриджи лафша,Красный пуговица лафша футболка бриджи,44-52,шт,Bahor - Yoz
6849,Pj-1050-v1601,Футболка бриджи лафша,Средечка белый кришота футболка бриджи лафша,44-52,шт,Bahor - Yoz
9026,Oxana-v33216,Футболка дет,Розовый подросткоый футболка,110-146,шт,Bahor - Yoz
9027,Oxana-v33229,Футболка дет,Чёрный подростковый футболка,98-146,шт,Bahor - Yoz
9028,Oxana-v33230,Футболка дет,Голубой подростковый футболка,98-146,шт,Bahor - Yoz
9029,Oxana-v33231,Футболка дет,Розовый подростковый футболка,98-146,шт,Bahor - Yoz
9030,Oxana-v33232,Футболка дет,Ментол подростковый футболка,98-146,шт,Bahor - Yoz
9031,Oxana-v33233,Футболка дет,Серый подростковый футболка,98-146,шт,Bahor - Yoz
9032,Oxana-v33234,Футболка дет,Розовый подростковый футболка,98-146,шт,Bahor - Yoz
5883,PJ-1026-v248,Футболка-бриджи,Фенди футболка бриджи,48-58,шт,Bahor - Yoz
5897,PJ-1022-v284,Футболка-бриджи,Мини горох ромашка  футболка бриджи,48-58,шт,Bahor - Yoz
5900,PJ-1013-v361,Футболка-бриджи,Преттий ромашка салатовый абдул футболка бриджи,58-66,шт,Bahor - Yoz
5901,PJ-1013-v261,Футболка-бриджи,Преттый салатовый абдул футболка бриджи,48-56,шт,Bahor - Yoz
5977,PJ-1013-v680,Футболка-бриджи,Пеликан сирий футболка бриджи,46-56,шт,Bahor - Yoz
6072,PJ-1029-v458,Футболка-бриджи,Мини горох Noone футболка бриджи,46-56,шт,Bahor - Yoz
6082,PJ-1032v-v590,Футболка-бриджи,Зелёный межик футболка бриджи,50-60,шт,Bahor - Yoz
6083,F-2564,Футболка-бриджи,Пурфект коричневый футболка бриджи,44-52,шт,Bahor - Yoz
6103,pj-1032-v588,Футболка-бриджи,Синий футболка бриджи,50-60,шт,Bahor - Yoz
6113,Pj-1004-v0001,Футболка-бриджи,Куин мини горох футболка бриджи,46-56,шт,Bahor - Yoz
6121,PJ-1034-v775,Футболка-бриджи,Бордовый сердечка футболка бриджи,46-54,шт,Bahor - Yoz
6130,PJ-1032V-v592,Футболка-бриджи,Чёрный футюолка бриджи,50-60,шт,Bahor - Yoz
6138,PJ-1032v-v586,Футболка-бриджи,Межик коричневый футболка бриджи,50-60,шт,Bahor - Yoz
6163,Р-1013-v680,Футболка-бриджи,Великан серый футболка бриджи,46-56,шт,Bahor - Yoz
6178,PJ-1032-v955,Футболка-бриджи,Чёрный футболка бриджи,50-60,шт,Bahor - Yoz
6214,PJ-1032-v953,Футболка-бриджи,Мор футболка бриджи,50-60,шт,Bahor - Yoz
6297,PJ-1037-v990,Футболка-бриджи,Роза голубой пуговица футболка бриджи,46-56,шт,Bahor - Yoz
6336,PJ-1013-v989,Футболка-бриджи,Голубой ромашка футболка бриджи,46-56,шт,Bahor - Yoz
6339,PJ-1004-v815,Футболка-бриджи,Куин мини горох футболка бриджи,46-56,шт,Bahor - Yoz
6340,PJ-1037-v999,Футболка-бриджи,Тёмно-синий футболка бриджи,46-56,шт,Bahor - Yoz
6379,PJ-1032-v586,Футболка-бриджи,Коричневый футболка бриджи,50-60,шт,Bahor - Yoz
6463,PJ-1004-v449,Футболка-бриджи,Мини горох куин футболка бриджи,58-66,шт,Bahor - Yoz
6525,PJ-1039-v1309,Футболка-бриджи,Мор колорадо футболка бриджи,44-52,шт,Bahor - Yoz
6587,Pj-1023v-1351,Футболка-бриджи,Коричневый роза Матлба опа футболка бриджи,54-58,шт,Bahor - Yoz
6588,PJ-1023v-v1351,Футболка-бриджи,Коричневый роза пугоивца Матлба опа футболка бриджи,60-64,шт,Bahor - Yoz
6589,PJ-1023v-1370,Футболка-бриджи,Горчичный пуговица Матлюба опа футболка бриджи,54-58,шт,Bahor - Yoz
6590,PJ-1023v-v1370,Футболка-бриджи,Горчичный пуговица Матлба опа футболка бриджи,60-64,шт,Bahor - Yoz
6591,PJ-1023v-1353,Футболка-бриджи,Туркуаз хаки футболка  бриджи Матлюба опа,54-58,шт,Bahor - Yoz
6592,PJ-1023v-v1353,Футболка-бриджи,Туркуаз хаки Матлюба опа футболка бриджи,60-64,шт,Bahor - Yoz
6593,PJ-1023v-3,Футболка-бриджи,Горчичный пуговица футболка бриджи Матлюба опа,52-58,шт,Bahor - Yoz
6594,PJ-1032v-v3,Футболка-бриджи,Горчичный пуговица футболка бриджи,60-64,шт,Bahor - Yoz
6595,PJ-1023v-v1354,Футболка-бриджи,Хаки футболка бриджи,56-62,шт,Bahor - Yoz
6601,PJ-1023v-v3,Футболка-бриджи,Горчичный пуговица футболка матлюба опа бриджи,60-64,шт,Bahor - Yoz
6608,PJ-1023v-v2,Футболка-бриджи,Хаки пугоивца футболка бриджи,52-58,шт,Bahor - Yoz
6617,PJ-1013-v1367,Футболка-бриджи,Горчичный футболка бриджи,46-56,шт,Bahor - Yoz
6619,PJ-1043-v1339,Футболка-бриджи,Коричневый футболка бриджи,56-66,шт,Bahor - Yoz
6633,PJ-1043-v1501,Футболка-бриджи,Голубой пуговица футболка бриджи,56-66,шт,Bahor - Yoz
6641,Pj-1023v-1352,Футболка-бриджи,Роза горчичный пуговица футболка бриджи,54-58,шт,Bahor - Yoz
6642,pj-1023V-V1352,Футболка-бриджи,Роза горчичный пуговица футболка бриджи,60-64,шт,Bahor - Yoz
6654,PJ-1013-v1343,Футболка-бриджи,ЖЁлтый футболка бриджи,46-56,шт,Bahor - Yoz
6670,pj-1023-v1369,Футболка-бриджи,Молочный Матлюба опа футболка бриджи,54-58,шт,Bahor - Yoz
6671,PJ-1023v-v1369,Футболка-бриджи,Молочный Матлюба опа футболка бриджи,60-64,шт,Bahor - Yoz
6672,Pj-1023v-v1,Футболка-бриджи,Фенди пуговица футболка Матлюба опа бриджи,52-64,,
6676,PJ-1013-v998,Футболка-бриджи,Т-синий футболка бриджи,46-56,шт,Bahor - Yoz
6677,PJ-1043-v1420,Футболка-бриджи,Оранжевый пуговица футболка бриджи,56-66,шт,Bahor - Yoz
6678,PJ-1013-v1423,Футболка-бриджи,Оранжевый футболка бриджи,46-56,шт,Bahor - Yoz
6680,PJ-1013-v1340,Футболка-бриджи,Коричневый футболка бриджи,46-56,шт,Bahor - Yoz
6681,PJ-1047-v1500,Футболка-бриджи,Голубой пуговица футболка бриджи,50-60,шт,Bahor - Yoz
6687,PJ-1023-v1,Футболка-бриджи,Фенди пуговица футболка бриджи,52-58,шт,Bahor - Yoz
6688,PJ-1023v-1,Футболка-бриджи,Фенди пуговица футболка бриджи,60-64,шт,Bahor - Yoz
6701,PJ-1013-v1422,Футболка-бриджи,Оранжевый футболка бриджи,46-56,шт,Bahor - Yoz
6719,PJ-1013-v1368,Футболка-бриджи,Коричневый футболка бриджи,46-56,шт,Bahor - Yoz
6725,PJ-1043-v1366,Футболка-бриджи,Жёлтый пуговица футболка бриджи,56-66,шт,Bahor - Yoz
6728,PJ-1043-v1365,Футболка-бриджи,Молочный пуговица футболка бриджи,56-66,шт,Bahor - Yoz
6744,Pj-1037-v988,Футболка-бриджи,Т-синий пуговица футболка бриджи,46-56,шт,Bahor - Yoz
6754,Pj-1013-v987,Футболка-бриджи,Т-синий футболка бриджи,46-56,шт,Bahor - Yoz
6771,PJ-1013-v1476,Футболка-бриджи,ЖЁлтый авокадо футболка бриджи,44-54,шт,Bahor - Yoz
6774,PJ-1013-v1546,Футболка-бриджи,Зелёный футболка бриджи,46-56,шт,Bahor - Yoz
6785,PJ-1043-v1421,Футболка-бриджи,Оранжевый пуговица футболка бриджи,56-66,шт,Bahor - Yoz
6821,PJ-1013-v1535,Футболка-бриджи,Туркуаз горчичный футболка бриджи,46-56,шт,Bahor - Yoz
6853,Pj-1013-v1479,Футболка-бриджи,ХАки футболка бриджи,46-56,шт,Bahor - Yoz
6854,Pj-1013-v1547,Футболка-бриджи,Розовый футболка бриджи,44-54,шт,Bahor - Yoz
6887,PJ-1043-v1536,Футболка-бриджи,Горчичный пуговица футболка бриджи,56-66,шт,Bahor - Yoz
6899,PJ-1047-v1499,Футболка-бриджи,Рязка хаки пуговица футболка бриджи,50-60,шт,Bahor - Yoz
6900,PJ-1043-v1721,Футболка-бриджи,Роза горчичный пуговица футболка бриджи,56-66,шт,Bahor - Yoz
6901,Pj-1043-v1534,Футболка-бриджи,Жёлтый пуговица футболка шорты,56-66,шт,Bahor - Yoz
6921,PJ-1051-v1652,Футболка-бриджи,Мини горох пуговица футболка бриджи,54-64,шт,Bahor - Yoz
6968,PJ-1023v-v1603,Футболка-бриджи,Зелёный пуговица футболка бриджи,54-62,шт,Bahor - Yoz
7040,PJ-1043-v1544,Футболка-бриджи,Жёлтый пуговица футболка бриджи,56-66,шт,Bahor - Yoz
7059,Pj-1013-v1720,Футболка-бриджи,Молочный футболка бриджи,46-56,шт,Bahor - Yoz
7085,Pj-1043-v1719,Футболка-бриджи,Молочный пуговица футболка бриджи,56-66,шт,Bahor - Yoz
7093,Ф-2000-v1,Футболка-бриджи,Мини горох роа футболка бриджи,46-54,шт,Bahor - Yoz
7121,Pj-1013-v1545,Футболка-бриджи,Жёлтый футболка бриджи,46-56,шт,Bahor - Yoz
7239,Pj-1043-v1748,Футболка-бриджи,Голубой пуговица футболка бриджи,56-66,шт,Bahor - Yoz
7311,Pj-1023-v1597,Футболка-бриджи,Жёлтый пуговица футболка бриджи,56-66,шт,Bahor - Yoz
7514,Pj-1026-v2258,Футболка-бриджи,Фенди футболка бриджи,48-58,шт,Bahor - Yoz
7837,PJ-1037-v2809,Футболка-бриджи,Розовый футболка бриджи,46-56,шт,Bahor - Yoz
7856,PJ-1037-v2805,Футболка-бриджи,Фиолетовый пуговица футболка бриджи,46-56,шт,Bahor - Yoz
7882,PJ-1037-v2806,Футболка-бриджи,Зелёный пуговица футболка бриджи,46-56,шт,Bahor - Yoz
7971,PJ-1043-v2877,Футболка-бриджи,Коричневый пуговица футболка бриджи,56-66,шт,Bahor - Yoz
7975,PJ-1037-v2938,Футболка-бриджи,Роза  пуговица футболка бриджи,46-56,шт,Bahor - Yoz
7977,PJ-1037-v2900,Футболка-бриджи,Роа оранжевый пуговица пижама д/р,46-56,шт,Bahor - Yoz
7980,Pj-1037-v2972,Футболка-бриджи,Оранжевый пуговица футболка бриджи,46-56,шт,Bahor - Yoz
7997,PJ-1037-v2974,Футболка-бриджи,Розовый пуговица футболка бриджи,46-56,шт,Bahor - Yoz
8020,PJ-1037-v2973,Футболка-бриджи,Роза розовый футболка бриджи,46-56,шт,Bahor - Yoz
8040,PJ-1037-v2808,Футболка-бриджи,Зелёный пуговица футболка бриджи,46-56,шт,Bahor - Yoz
8056,PJ-1037-v2878,Футболка-бриджи,Зелёный футболка бриджи,46-56,шт,Bahor - Yoz
8083,pj-1116-v2902,Футболка-бриджи,Зелённый футболка бриджи,46-56,шт,Kuz - Qish
8101,pj-1037-v2879,Футболка-бриджи,Роза футболка бриджи,46-56,шт,Bahor - Yoz
8103,PJ-1037-v3046,Футболка-бриджи,Голубой пуговица футболка бриджи,46-56,шт,Bahor - Yoz
8133,Pj-1037-v3123,Футболка-бриджи,Зелёный пугоивица футболка бриджи,46-56,шт,Bahor - Yoz
8189,pj-1037-v3179,Футболка-бриджи,Молочный футболка бриджи,46-56,шт,Bahor - Yoz
8209,Pj-1037-v3190,Футболка-бриджи,Т-синий белий футболка бриджи,46-56,шт,Bahor - Yoz
8238,PJ-1043-v3196,Футболка-бриджи,Т-синий футболка бриджи,58-66,шт,Bahor - Yoz
8246,PJ-1037-v3134,Футболка-бриджи,Розовый футболка бриджи,46-56,шт,Bahor - Yoz
8285,PJ-1037-v3255,Футболка-бриджи,Розовый футболка бриджи,46-56,шт,Bahor - Yoz
8317,Pj-1135-v3371,Футболка-бриджи,Красный футболка бриджи,44-52,шт,Bahor - Yoz
8347,PJ-1037-v3369,Футболка-бриджи,Голубой футболка бриджи,46-56,шт,Bahor - Yoz
8454,Pj-1037-v3382,Футболка-бриджи,Розовий футболка бриджи,48-58,шт,Bahor - Yoz
8506,Pj-1004-v3551,Футболка-бриджи,Бордовый кувин футболка бриджи,46-56,шт,Bahor - Yoz
8602,Pj-1037-v3745,Футболка-бриджи,Зелённый с пуговица футболка бриджи,46-56,шт,Bahor - Yoz
8755,Pj-1148-v3741,Футболка-бриджи,Белый - зелённый с пуговица футболка бриджи,56-66,шт,Bahor - Yoz
8756,Pj-1013-v3846,Футболка-бриджи,Бордовый футболка бриджи,46-56,шт,Bahor - Yoz
8770,Pj-1147-v3740,Футболка-бриджи,Белый - зелённый футболка бриджи,46-56,шт,Bahor - Yoz
8792,Pj-1004v-v3733,Футболка-бриджи,Бордовый кувин футболка бртджи,58-66,шт,Bahor - Yoz
8825,Pj-1154-v3980,Футболка-бриджи,Хаки Матлюба опа футболка бриджи,54-64,шт,Bahor - Yoz
8838,Pj-1024v-v235,Футболка-бриджи,Жаст би футболка бриджи,56-66,шт,Bahor - Yoz
8840,PJ-1153-v3973,Футболка-бриджи,Максмара футболка бриджи,54-64,шт,Bahor - Yoz
8841,Pj-1023v-v3970,Футболка-бриджи,Горчичный футболка бриджи,54-64,шт,Bahor - Yoz
8846,Pj-1151-v3969,Футболка-бриджи,Роза футболка бриджи,54-64,шт,Bahor - Yoz
8854,PJ-1151-v3939,Футболка-бриджи,Хаки Матлюба опа футболка бриджи,54-64,шт,Bahor - Yoz
8855,Pj-1051-v3940,Футболка-бриджи,Куин мини горох футболка бриджи,54-64,шт,Bahor - Yoz
8870,pj-1004-v3936,Футболка-бриджи,Куин футболка бриджи,46-56,шт,Bahor - Yoz
8895,Pj-1151-v4065,Футболка-бриджи,Желётый футболка бриджи,54-64,шт,Bahor - Yoz
8903,pj-1158-v4051,Футболка-бриджи,Куин футболка бриджи,46-56,шт,Bahor - Yoz
8917,Pj-1023-v4072,Футболка-бриджи,Оранжевый Матлюба опа футболка бриджи,54-64,шт,Bahor - Yoz
8923,PJ-1160-v4031,Футболка-бриджи,Хаки Матлюба футболка бриджи,52-62,шт,Bahor - Yoz
8937,Pj-1159-v4052,Футболка-бриджи,Куин футболка бриджи,58-66,шт,Bahor - Yoz
8950,pj-1158-v4082,Футболка-бриджи,Коричневый куин футболка бриджи,46-56,шт,Bahor - Yoz
8981,pj-1037-v4075,Футболка-бриджи,Хак пуговица футболка бриджи,46-56,шт,Bahor - Yoz
8993,pj-1051-v4063,Футболка-бриджи,Куин горох футболка бриджи,54-64,шт,Bahor - Yoz
9084,Pj-1162-v4268,Футболка-бриджи,Мини горох футболка бриджи,46-56,шт,Bahor - Yoz
9095,pj-1163-v4306,Футболка-бриджи,Красный пуговица футболка бриджи,54-64,шт,Bahor - Yoz
9102,Pj-1163-v4304,Футболка-бриджи,Мини горох футболка бриджи,54-64,шт,Bahor - Yoz
9107,Pj-1163-v4303,Футболка-бриджи,Т-синий с пуговица футболка штаны,54-64,шт,Bahor - Yoz
9108,Pj-1163-v4305,Футболка-бриджи,Коричневый с пуговица футболка штаны,54-64,шт,Bahor - Yoz
9141,Pj-1157-v4027,Футболка-бриджи,Невер полоса футболка бриджи,50-60,шт,Bahor - Yoz
9146,Pj-1051-v4493,Футболка-бриджи,Мини горох футболка бриджи,54-64,шт,Bahor - Yoz
9148,Pj-1163-v4332,Футболка-бриджи,Листь футболка бриджи,54-64,шт,Bahor - Yoz
8290,Pj-1132-v3326,ФУтболка-бриджи-вискон,Чёрный горох вискон футболка бриджи,54-62,шт,Bahor - Yoz
8300,Pj-1132-v3327,ФУтболка-бриджи-вискон,Чёрный вискон футболка бриджи,54-62,шт,Bahor - Yoz
8324,Pj-1127-v3219,ФУтболка-бриджи-вискон,Красный вискон футболка бриджи,44-52,шт,Bahor - Yoz
8331,PJ-1127-v3217,ФУтболка-бриджи-вискон,Малиновый вискон футболка бриджи,44-52,шт,Bahor - Yoz
8361,PJ-1127-v3218,ФУтболка-бриджи-вискон,Розовый вискон футболка бриджи,44-52,шт,Bahor - Yoz
8368,PJ-1127-v3417,ФУтболка-бриджи-вискон,Роза горчичный вискон футболка бриджи,44-52,шт,Bahor - Yoz
8428,PJ-1127-v3379,ФУтболка-бриджи-вискон,Красный вискон футболка бриджи,44-52,шт,Bahor - Yoz
8561,Pj-1132-v3325,ФУтболка-бриджи-вискон,Жёлтый с пуговица вискон футболка бриджи,54-62,шт,Bahor - Yoz
8576,Pj-1127-v3414,ФУтболка-бриджи-вискон,Фиолетвый вискон футболка бриджи,44-52,шт,Bahor - Yoz
8580,Pj-1127-v3220,ФУтболка-бриджи-вискон,Фиолетвый вискон футболка бриджи,44-52,шт,Bahor - Yoz
8581,Pj-1037-v3703,ФУтболка-бриджи-вискон,Розовый с пуговица футболка бриджи,46-56,шт,Bahor - Yoz
8607,Pj-1127-v3628,ФУтболка-бриджи-вискон,Красный вискон футболка бриджи,44-52,шт,Bahor - Yoz
8648,Pj-1127-v3413,ФУтболка-бриджи-вискон,Розовый вискон футболка бриджи,44-52,шт,Bahor - Yoz
6895,Pj-1053-v1694,Футболка-бриджи-жаккард,Сердечка белый жаккард футболка бриджи,44-52,шт,Bahor - Yoz
6946,PJ-1053-v1676,Футболка-бриджи-жаккард,Сердечка белый жаккард футболка бриджи,44-52,шт,Bahor - Yoz
6964,Pj-1053-v1734,Футболка-бриджи-жаккард,Белый сердечка жаккард футболка бриджи,44-52,шт,Bahor - Yoz
7025,PJ-1053-v1870,Футболка-бриджи-жаккард,Лимон белый жаккрд футболка бриджи,44-52,шт,Bahor - Yoz
7753,PJ-1053-v2741,Футболка-бриджи-жаккард,Роза футболка бриджи жаккард,44-52,шт,Bahor - Yoz
7784,PJ-1053-v2739,Футболка-бриджи-жаккард,Роза белый жаккард футболка бриджи,44-52,шт,Bahor - Yoz
7796,PJ-1053-v2743,Футболка-бриджи-жаккард,Роза футболка бриджи жаккард,44-52,шт,Bahor - Yoz
7804,PJ-1053-v2740,Футболка-бриджи-жаккард,Роза белый футболка бриджи жаккард,44-52,шт,Bahor - Yoz
7807,PJ-1053-v2738,Футболка-бриджи-жаккард,Роза синйи жаккард футболка бриджи,44-52,шт,Bahor - Yoz
8087,Pj-1053-v3059,Футболка-бриджи-жаккард,Сердечка футболка бриджи,44-52,шт,Bahor - Yoz
8144,Pj-1126-v3188,Футболка-бриджи-жаккард,Розовый жаккард футболка бриджи,46-54,шт,Bahor - Yoz
8168,Pj-1053-v3213,Футболка-бриджи-жаккард,Белый жаккард футболка бриджи к/р,44-52,шт,Bahor - Yoz
8172,Pj-1053-v3223,Футболка-бриджи-жаккард,Розовый жаккард футболка бриджи к/р,44-52,шт,Bahor - Yoz
8174,pj-1053-v3244,Футболка-бриджи-жаккард,Жёлтый жаккард футболка бриджи к/р,44-52,шт,Bahor - Yoz
8186,Pj-1053-v3210,Футболка-бриджи-жаккард,Белый футболка бриджи,44-52,шт,Bahor - Yoz
8198,PJ-1126-v3195,Футболка-бриджи-жаккард,Молочный жаккард футболка бриджи,46-54,шт,Bahor - Yoz
8200,PJ-1053-v3261,Футболка-бриджи-жаккард,Роза белый жаккард футболка бриджи,44-52,шт,Bahor - Yoz
8212,Pj-1053-v3289,Футболка-бриджи-жаккард,Белый жаккард футболка бриджи,44-52,шт,Bahor - Yoz
8232,PJ-1053-v3310,Футболка-бриджи-жаккард,Роза голубой жаккард футболка бриджи,44-52,шт,Bahor - Yoz
8263,PJ-1053-v3321,Футболка-бриджи-жаккард,Роза голубой жаккард футболка бриджи,44-52,шт,Bahor - Yoz
8309,Pj-1053-v3401,Футболка-бриджи-жаккард,Голубой жаккард футболка бриджи,44-52,шт,Bahor - Yoz
8314,PJ-1053-v3322,Футболка-бриджи-жаккард,Хаки жаккард футбокла бриджи,44-52,шт,Bahor - Yoz
8318,Pj-1053-v3324,Футболка-бриджи-жаккард,Голубой жаккард футболка бриджи,44-52,шт,Bahor - Yoz
8325,Pj-1053-v3405,Футболка-бриджи-жаккард,Голубой жаккард футболка бриджи,44-52,шт,Bahor - Yoz
8342,Pj-1053-v3402,Футболка-бриджи-жаккард,Бабочка жаккард футболка бриджи,44-52,шт,Bahor - Yoz
8375,Pj-1053-v3404,Футболка-бриджи-жаккард,Роза белый жаккард футболка бриджи,44-52,шт,Bahor - Yoz
8381,PJ-1053-v3502,Футболка-бриджи-жаккард,Роза жаккард футболка бриджи,44-52,шт,Bahor - Yoz
8408,pj-1053-v3503,Футболка-бриджи-жаккард,Роза жаккард футболка бриджи,44-52,шт,Bahor - Yoz
8439,Pj-1053-v3556,Футболка-бриджи-жаккард,"Зелённый, с сердечка жаккард футболка бриджи",44-52,шт,Bahor - Yoz
5848,PJ-1001-V243,Футболка-бриджи-лафша,Сердечка белый кришота футболка бриджи,44-52,шт,Bahor - Yoz
5850,PJ-1001-v241,Футболка-бриджи-лафша,Тайм сердечка красный кришота футболка бриджи,44-52,шт,Bahor - Yoz
6486,PJ-1001-v1264,Футболка-бриджи-лафша,Хаки кришота лафша футболка бриджи,44-52,шт,Bahor - Yoz
6487,PJ-1001-v1265,Футболка-бриджи-лафша,Белый кришота лафша футболка бриджи,44-52,шт,Bahor - Yoz
6488,Pj-1001-v1267,Футболка-бриджи-лафша,Розовый кришота лафша футболка бриджи,44-52,шт,Bahor - Yoz
6489,PJ-1001-v1266,Футболка-бриджи-лафша,Белый лафша кришота футболка бриджи,44-52,шт,Bahor - Yoz
6704,PJ-1001-v1403,Футболка-бриджи-лафша,Красный вишня футболка бриджи,44-52,шт,Bahor - Yoz
6740,Pj-1001-v1360,Футболка-бриджи-лафша,Бабочка белый кришота лафша футболка бриджи,44-52,шт,Bahor - Yoz
6746,PJ-1001-v1361,Футболка-бриджи-лафша,Бабочка красный лафша футболка бриджи,44-52,шт,Bahor - Yoz
6966,Pj-1050-v1763,Футболка-бриджи-лафша,Лимон хаки пуговица лафша футболка бриджи,44-52,шт,Bahor - Yoz
6992,Pj-1050-v1764,Футболка-бриджи-лафша,Лимон хаки пугвоица лафша футболка бриджи,44-52,шт,Bahor - Yoz
7034,PJ-1050-v1768,Футболка-бриджи-лафша,Красный пуговциа лафша футболка бриджи,44-52,шт,Bahor - Yoz
7057,Pj-1050-v1767,Футболка-бриджи-лафша,Белый вишня пуговица лафша футболка бриджи,44-52,шт,Bahor - Yoz
7064,PJ-1050-v1765,Футболка-бриджи-лафша,Розовый пуговица лафша футболка бриджи,44-52,шт,Bahor - Yoz
7099,PJ-1050-v1766,Футболка-бриджи-лафша,Розовый треуголник кришота лафша футболка бриджи,44-52,шт,Bahor - Yoz
8089,Pj-1124-v3183,Футболка-бриджи-лафша,Сердечка футболка лафша бриджи,44-52,шт,Bahor - Yoz
8091,Pj-1124-v3165,Футболка-бриджи-лафша,Сердечка футболка лафша бриджи,44-52,шт,Bahor - Yoz
8092,Pj-1124-v3162,Футболка-бриджи-лафша,Белый футболка лафша бриджи,44-52,шт,Bahor - Yoz
8093,Pj-1124-v3166,Футболка-бриджи-лафша,Вишня футболка лафша бриджи,44-52,шт,Bahor - Yoz
8099,Pj-1124-v3163,Футболка-бриджи-лафша,Белый футболка лафша бриджи,44-52,шт,Bahor - Yoz
8107,PJ-1124-v3164,Футболка-бриджи-лафша,Сердечка коричневый футболка лафша бриджи,44-52,шт,Bahor - Yoz
8142,Pj-1053-v3215,Футболка-бриджи-лафша,Лимон лафша футболка бриджи,44-52,шт,Bahor - Yoz
8281,PJ-1124-v3363,Футболка-бриджи-лафша,Роза синий лафша футболка бриджи,44-52,шт,Bahor - Yoz
8338,PJ-1124-v3458,Футболка-бриджи-лафша,Роза футболка бриджи лафша,44-52,шт,Bahor - Yoz
8339,PJ-1124-v3457,Футболка-бриджи-лафша,Вишня лафша футболка бриджи,44-52,шт,Bahor - Yoz
8356,PJ-1124-v3459,Футболка-бриджи-лафша,Роза лафша фуиболка бриджи,44-52,шт,Bahor - Yoz
8673,Pj-1124-v3422,Футболка-бриджи-лафша,Белый с сердечка лапша футболка бриджи,44-52,шт,Bahor - Yoz
8681,Pj-1124-v3847,Футболка-бриджи-лафша,Белый с лимон лапша футболка бриджи,44-52,шт,Bahor - Yoz
8702,Pj-1124-v3885,Футболка-бриджи-лафша,Белый с сердечка лапша футболка бриджи,44-52,шт,Bahor - Yoz
8294,Pj-1128-v3259,Футболка-бриджи-муслин,Сердечка муслин футболка бриджи,44-52,шт,Bahor - Yoz
5877,FJ-6000-v1,Футболка-женская,Т-серый премиум женская футболка,40-54,шт,Bahor - Yoz
5903,FJ-6000-v215,Футболка-женская,Зелёный премиум женская футболка,40-54,шт,Bahor - Yoz
5949,FJ-6000-v213,Футболка-женская,Малиновый премиум женская футболка,40-54,шт,Bahor - Yoz
6122,FJ-6000-v379,Футболка-женская,Чёрный женской Футболка,40-54,шт,Bahor - Yoz
6127,FJ-6000-v441,Футболка-женская,Милана примум белый футболка,40-54,шт,Bahor - Yoz
6136,FJ-6000-v977,Футболка-женская,Малыновый премиум женская футболка,40-54,шт,Bahor - Yoz
6294,FJ-6000-v967,Футболка-женская,Коричневый женская футболка,40-54,шт,Bahor - Yoz
6391,FJ-6001-v1025,Футболка-женская,Женская футболка  однотонный 92% хлопок 8% лайкра,42-52,шт,Bahor - Yoz
6392,FJ-6001-v1026,Футболка-женская,Женская футболка  однотонный 92% хлопок 8% лайкра,42-52,шт,Bahor - Yoz
6393,FJ-6002-v1035,Футболка-женская,Женская футболка с принтом 92% хлопок 8% лайкра,42-52,шт,Bahor - Yoz
6394,FJ-6002-v1036,Футболка-женская,Женская футболка с принтом 92% хлопок 8% лайкра,42-52,шт,Bahor - Yoz
6452,FJ-6001-v1033,Футболка-женская,Женская футболка однотонный 92% пенье 8% лайкра капучино,42-54,шт,Bahor - Yoz
6576,FJ-6001-v1028,Футболка-женская,Т-серый женская футболка,42-54,шт,Bahor - Yoz
6577,FJ-6001-v1027,Футболка-женская,Т-синий женская футболка,42-54,шт,Bahor - Yoz
6578,FJ-6001-v1032,Футболка-женская,Голубой женская футболка,42-54,шт,Bahor - Yoz
6579,FJ-6001-v1031,Футболка-женская,Горчичный женская футболка,42-54,шт,Bahor - Yoz
6580,FJ-6001-v1030,Футболка-женская,Серый женская  футболка,42-54,шт,Bahor - Yoz
6602,FJ-6001-v1034,Футболка-женская,Т-серый женская футболка,42-54,шт,Bahor - Yoz
6603,FJ-6001-v1029,Футболка-женская,Хаки женска футболка,42-54,шт,Bahor - Yoz
7201,FJ-6004-v1952,Футболка-женская,Роза чёрный женская футболка,44-54,шт,Bahor - Yoz
7214,FJ-6004-v1879,Футболка-женская,Белый роза женская футболка,44-54,шт,Bahor - Yoz
7460,FJ-6004-v1951,Футболка-женская,Т-синий роза футболка женская,44-54,шт,Bahor - Yoz
7810,FJ-6007-v2679,Футболка-женская,Красный футболка женская,44-54,шт,Bahor - Yoz
8044,FJ-6007-v2678,Футболка-женская,ЖЁлтый футболка,44-54,шт,Bahor - Yoz
9086,FJ-6012-v4178,Футболка-женская,Печат белый Тоня футболка,48-56,шт,Bahor - Yoz
9087,FJ-6012-v4179,Футболка-женская,Ёжик белый Тоня футболка женская,48-56,шт,Bahor - Yoz
9105,FJ-6013-v4180,Футболка-женская,Бордовый Тоня футболка,46-54,шт,Bahor - Yoz
9159,FJ-6010-v3929,Футболка-женская,Голубой футболка женская,46-54,шт,Bahor - Yoz
5902,PJ-1027-v290,Футболка-шорты,Фенди пугивца футболка шорты,46-56,шт,Bahor - Yoz
5935,PJ-1009-v1,Футболка-шорты,Средный горох Абдул футболка шорты,44-54,шт,Bahor - Yoz
5979,PJ-1030-v474,Футболка-шорты,Полоса бордовый футболка шорты,44-54,шт,Bahor - Yoz
5982,PJ-1025-v456,Футболка-шорты,Пуро молочный футболка шорты,44-54,шт,Bahor - Yoz
5991,PJ-1030-v542,Футболка-шорты,Полоса зелёный футболка шорты,44-54,шт,Bahor - Yoz
6019,PJ-1025-v692,Футболка-шорты,Саммер горчичный футболка шорты,44-54,шт,Bahor - Yoz
6020,PJ-1030-v572,Футболка-шорты,Полоса серый футболка шорты,44-54,шт,Bahor - Yoz
6022,PJ-1025-v594,Футболка-шорты,Перфект розовый футболка шорты,44-54,шт,Bahor - Yoz
6034,PJ-1025-v504,Футболка-шорты,Зелёный футболка шорты,44-54,шт,Bahor - Yoz
6043,PJ-1025-v596,Футболка-шорты,Перфект молочный футболка шорты,44-54,шт,Bahor - Yoz
6055,PJ-1031-v574,Футболка-шорты,Полоса серый лямка шорты,44-52,шт,Bahor - Yoz
6056,PJ-1030-v578,Футболка-шорты,Полоса чёрный футболка шорты,44-54,шт,Bahor - Yoz
6065,Pj-1030/1,Футболка-шорты,Коричневый полоса футболка шорты,44-54,шт,Bahor - Yoz
6073,PJ-1030-v720,Футболка-шорты,Полоса т-синий футболка шорты,44-54,шт,Bahor - Yoz
6093,PJ-1030-v626,Футболка-шорты,Полоса мор лямка шорты,44-54,шт,Bahor - Yoz
6095,PJ-1025-v600,Футболка-шорты,Красный клетка футболка шорты,44-54,шт,Bahor - Yoz
6137,PJ-1035-v832,Футболка-шорты,Куин мини горох футболка шорты,44-52,шт,Bahor - Yoz
6164,Р-1035-v832,Футболка-шорты,Куин мини горох футболка шорти,44-52,шт,Bahor - Yoz
6216,Pj-1025-v460,Футболка-шорты,Дей т-синий футболка шорты,44-54,шт,Bahor - Yoz
6307,PJ-1032-v954,Футболка-шорты,Межик индиго футболка шорты,50-60,шт,Bahor - Yoz
6464,Pj-1039-v1131,Футболка-шорты,Колрадо зелёный футболка шорты,44-52,шт,Bahor - Yoz
6466,PJ-1039-v1125,Футболка-шорты,Розовый колорадо футболка шорты,44-52,шт,Bahor - Yoz
6468,PJ-1039-v1321,Футболка-шорты,Колорадо белый футболка шорты,44-52,шт,Bahor - Yoz
6469,Pj-1039-v1221,Футболка-шорты,Колорадо синий футболка шорты,44-52,шт,Bahor - Yoz
6663,PJ-1025-v1344,Футболка-шорты,Жёлтый футболка шорты,44-54,шт,Bahor - Yoz
8928,KJ-13015-v3991,Футболка-шорты,Розовый футболка шорты,46-54,шт,Bahor - Yoz
8933,KJ-13015-v3990,Футболка-шорты,Белый футболка шорты,46-54,шт,Bahor - Yoz
8936,KJ-13015-v3989,Футболка-шорты,Чёрный футболка шорты,46-54,шт,Bahor - Yoz
8946,kj-13015-v3987,Футболка-шорты,Голубой футболка шорты,46-54,шт,Bahor - Yoz
8953,KJ-13015-v3988,Футболка-шорты,Коричневый футболка шорты,46-54,шт,Bahor - Yoz
6929,Pj-1052-v1695,Футболка-шорты-жаккард,Сердечка розовый жаккард футболка шорты,44-52,шт,Bahor - Yoz
6945,PJ-1052-v1675,Футболка-шорты-жаккард,Сердечка белый жаккард футболка шорты,44-52,шт,Bahor - Yoz
6965,PJ-1052-v1733,Футболка-шорты-жаккард,Мини сердечка белый жаккард футболка шорты,44-52,шт,Bahor - Yoz
7026,Pj-1052-v1871,Футболка-шорты-жаккард,Лимон белый жаккрд футболка шорты,44-52,шт,Bahor - Yoz
7031,PJ-1052-v1829,Футболка-шорты-жаккард,Роза жаккард белый футболка шорты,44-52,шт,Bahor - Yoz
7036,PJ-1067-v1891,Футболка-шорты-жаккард,Голубой футболка шорты жаккард,44-52,шт,Bahor - Yoz
7042,PJ-1067-v1902,Футболка-шорты-жаккард,Бабочка розовый жаккард футболка шорты,44-52,шт,Bahor - Yoz
7055,PJ-1067-v1895,Футболка-шорты-жаккард,Жёлтый жаккард футболка шорты,44-52,шт,Bahor - Yoz
7058,PJ-1060-v1810,Футболка-шорты-жаккард,Розовый жаккард футболка шорты,44-52,шт,Bahor - Yoz
7060,Pj-1067-v1892,Футболка-шорты-жаккард,Розовый футболка бриджи жаккард,44-52,шт,Bahor - Yoz
7082,Pj-1067-v1898,Футболка-шорты-жаккард,Голубой бабочка жаккард футболка шорты,44-52,шт,Bahor - Yoz
7087,PJ-1060-v1811,Футболка-шорты-жаккард,Голубой футболка шорты жаккард,44-52,шт,Bahor - Yoz
7098,PJ-1060-v1838,Футболка-шорты-жаккард,Розовый жаккард футболка шорты,44-52,шт,Bahor - Yoz
7858,PJ-1111-v2865,Футболка-шорты-жаккард,Сердечка чёрный футболка шорты,44-52,шт,Bahor - Yoz
7878,PJ-1111-v2867,Футболка-шорты-жаккард,Персик сердечка футболка шорты,44-52,шт,Bahor - Yoz
7903,PJ-1111-v2866,Футболка-шорты-жаккард,Розовый сердечка футболка шорты,44-52,шт,Bahor - Yoz
8042,PJ-1111-v3054,Футболка-шорты-жаккард,Сердечка коричневый футболка шорты,44-52,шт,Bahor - Yoz
8064,PJ-1111-v3045,Футболка-шорты-жаккард,Горчичный сердечка футболка шорты,44-52,шт,Bahor - Yoz
8157,PJ-1111-v3198,Футболка-шорты-жаккард,Сердечка розовый жаккард футболка шорты,44-52,шт,Bahor - Yoz
8194,PJ-1111-v3232,Футболка-шорты-жаккард,Хаки сердечка жаккард футболка шорты,44-52,шт,Bahor - Yoz
8220,PJ-1111-v3233,Футболка-шорты-жаккард,Синий сердечка жаккард футболка шорты,44-52,шт,Bahor - Yoz
5963,PJ-1020-v1,Фут-штаны,Дей т-синий футболка штаны,46-56,шт,Bahor - Yoz
5964,PJ-1020v-v1,Фут-штаны,Дей т-синий футболка штаны,58-66,шт,Bahor - Yoz
6118,TJ-2043-v787,Фут-штаны,Бородовый полоса футболка штани,46-56,шт,Bahor - Yoz
6166,PJ-1018-v802,Фут-штаны,Лове бордовый клетка футболка штаны,44-52,шт,Bahor - Yoz
6729,PJ-1045-v1434,Фут-штаны,Розовый футболка штаны,44-52,шт,Bahor - Yoz
6872,PJ-1048-v1563,Фут-штаны,Куин футболка бриджи,56-66,шт,Bahor - Yoz
7126,Pj-1063-v1813,Фут-штаны,Коричневый попкорн футболка штаны,50-60,шт,Bahor - Yoz
7169,PJ-1069-v1950,Фут-штаны,Мини горох пуговица лимон футболка штаны,50-60,шт,Bahor - Yoz
7240,Pj-1056-v1749,Фут-штаны,Голубой футболка штаны,46-56,шт,Bahor - Yoz
7904,PJ-1113-v2874,Фут-штаны,Бютифул футболка штаны,58-66,шт,Bahor - Yoz
7908,PJ-1098-v2688,Фут-штаны,Оранжевый пуговица футболка штаны,46-56,шт,Bahor - Yoz
7920,PJ-1112-v2873,Фут-штаны,Бюти футболка штаны,46-56,шт,Bahor - Yoz
7946,Pj-1098-v2813,Фут-штаны,Зелёный пуговица футболка штаны,46-56,шт,Bahor - Yoz
7949,PJ-1098-v2901,Фут-штаны,Оранжевй пуговица футболка штаны,46-56,шт,Bahor - Yoz
7970,PJ-1105-v2967,Фут-штаны,Роза т-синий футболка штаны,46-56,шт,Bahor - Yoz
7972,PJ-1099-v2689,Фут-штаны,Роза грязный футболка штаны,50-60,шт,Bahor - Yoz
7973,PJ-1098-v2939,Фут-штаны,Роза голубой пуговица футболка штаны,46-56,шт,Bahor - Yoz
7983,Pj-1099-v2831,Фут-штаны,Сердечка коричневый пуговица футболка штаны,50-60,шт,Bahor - Yoz
7991,PJ-1105-v2796,Фут-штаны,Роза футболка штаны,46-56,шт,Bahor - Yoz
7996,PJ-1098-v2971,Фут-штаны,Оранжевый пуговица футболка штаны,46-56,шт,Bahor - Yoz
7998,PJ-1098-v2975,Фут-штаны,Розовый пуговица футболка штаны,46-56,шт,Bahor - Yoz
8003,PJ-1108-v2970,Фут-штаны,Роза ФУтболка штаны,44-54,шт,Bahor - Yoz
8011,Pj-1108-v2824,Фут-штаны,Роза т-синий пуговица футболка штаны,50-60,шт,Bahor - Yoz
8041,PJ-1098-v2814,Фут-штаны,Зелёный пуговица футболка штаны,46-56,шт,Bahor - Yoz
8046,Pj-1098-v2976,Фут-штаны,Роза розовый пуговица футболка штаны,46-56,шт,Bahor - Yoz
8055,PJ-1108-v2823,Фут-штаны,Роза т-синий футболка штаны,50-60,шт,Bahor - Yoz
8061,PJ-1105-v2795,Фут-штаны,Роза футболка штаны,46-56,шт,Bahor - Yoz
8075,Pj-1098-v2986,Фут-штаны,Розовый футболка штаны,46-56,шт,Kuz - Qish
8078,pj-1114-v2875,Фут-штаны,Т-синий кеда футболка штаны,46-56,шт,Kuz - Qish
8080,pj-1115-v2876,Фут-штаны,Т-синий кеда Футболка штаны,58-66,шт,Kuz - Qish
8096,Pj-1098-v2956,Фут-штаны,Бордовый футболка штаны,46-56,шт,Bahor - Yoz
8102,pj-1098-v3047,Фут-штаны,Голубой футболка штаны,46-56,шт,Bahor - Yoz
8119,PJ-1108-v3028,Фут-штаны,Роза футболка штаны,50-60,шт,Bahor - Yoz
8129,Pj-1120-v3004,Фут-штаны,Розовый пугоивца футболка штаны,56-66,шт,Bahor - Yoz
8140,PJ-1105-v3025,Фут-штаны,Роза футболка штаны,46-56,шт,Bahor - Yoz
8159,PJ-1098-v3122,Фут-штаны,Зелёный футболка штаны,46-56,шт,Bahor - Yoz
8162,Pj-1098-v3005,Фут-штаны,Розовый пуговица футболка штаны,46-54,шт,Bahor - Yoz
8167,Pj-1108-v3120,Фут-штаны,Серий футболка штаны,50-60,шт,Bahor - Yoz
8173,Pj-1105-v3117,Фут-штаны,Серый футболка штаны,46-56,шт,Bahor - Yoz
8201,PJ-1098-v3180,Фут-штаны,Молочный футболка штаны,46-56,шт,Bahor - Yoz
8203,Pj-1098-v3253,Фут-штаны,Зелённый пуговица футболка штаны,46-56,шт,Bahor - Yoz
8205,Pj-1098-v3189,Фут-штаны,"Т-синий, Белий футболка штаны",46-56,шт,Bahor - Yoz
8226,Pj-1098-v3135,Фут-штаны,Розовый пуговица футболка штаны,46-56,шт,Bahor - Yoz
8240,PJ-1105-v3225,Фут-штаны,Горох футболка штаны,46-56,шт,Bahor - Yoz
8261,PJ-1120-v3197,Фут-штаны,Т-синий пуговица футболка штаны,58-66,шт,Bahor - Yoz
8262,PJ-1108-v3249,Фут-штаны,Роза т-синий футболка штаны,50-60,шт,Bahor - Yoz
8266,Pj-1105-v3296,Фут-штаны,Роза т-синий футболка штаны,46-56,шт,Bahor - Yoz
8283,PJ-1108-v3297,Фут-штаны,Роза чёрный футболка штаны,50-60,шт,Bahor - Yoz
8286,Pj-1098-v3254,Фут-штаны,Розовый футболка штаны,46-56,шт,Bahor - Yoz
8287,PJ-1108-v3271,Фут-штаны,Синий футболка штаны,50-60,шт,Bahor - Yoz
8305,Pj-1131-v3308,Фут-штаны,Красный-белый футболка штаны,44-52,шт,Bahor - Yoz
8307,Pj-1108-v3230,Фут-штаны,Т-синий пуговица футболка штаны,50-60,шт,Bahor - Yoz
8308,Pj-1105-v3266,Фут-штаны,Чёрный футболка штаны,46-56,шт,Bahor - Yoz
8348,Pj-1098-v3370,Фут-штаны,Голубой футболка штаны,46-56,шт,Bahor - Yoz
8355,Pj-1108-v3231,Фут-штаны,Горох футболка штаны,50-60,шт,Bahor - Yoz
8416,PJ-1020-v3447,Фут-штаны,Зелёный футболка штаны,44-54,шт,Bahor - Yoz
8419,Pj-1020-v3466,Фут-штаны,Молочный футболка штаны,44-54,шт,Bahor - Yoz
8434,PJ-1020-v3368,Фут-штаны,Красный футболка штаны,44-54,шт,Bahor - Yoz
8482,Pj-1108-v3270,Фут-штаны,Серый футболка штаны,50-60,шт,Bahor - Yoz
8496,Pj-1098-v3381,Фут-штаны,Розовый футболка штаны,46-56,шт,Bahor - Yoz
8536,Pj-1105-v3265,Фут-штаны,Серый футболка штаны,46-56,шт,Bahor - Yoz
8574,Pj-1037-v3666,Фут-штаны,Бордовый с пуговица футболка штаны,46-56,шт,Bahor - Yoz
8680,Pj-1118-v3823,Фут-штаны,Розовый с сердечка футболка штаны,44-52,шт,Bahor - Yoz
8703,Pj-1118-v3818,Фут-штаны,Красный с сердечка футболка штаны,44-52,шт,Bahor - Yoz
8736,Pj-1142-v3597,Фут-штаны,Чёрный футболка штаны,46-56,шт,Bahor - Yoz
8751,Pj-1142-v3596,Фут-штаны,Т-синий футболка штаны,46-56,шт,Bahor - Yoz
8753,Pj-1149-v3882,Фут-штаны,Бордовый футболка штаны,46-56,шт,Bahor - Yoz
8761,Pj-1142-v3598,Фут-штаны,Бордовый футболка штаны,46-56,шт,Bahor - Yoz
8768,Pj-1149-v3889,Фут-штаны,Чёрный футболка штаны,46-56,шт,Bahor - Yoz
8787,Pj-1142-v3599,Фут-штаны,Коричневый футболка штаны,46-56,шт,Bahor - Yoz
8791,Pj-1149-v3905,Фут-штаны,Коричневый футболка штаны,46-56,шт,Bahor - Yoz
8793,Pj-1149-v3899,Фут-штаны,Бордовый футболка штаны,46-56,шт,Bahor - Yoz
8824,Pj-1149-v3898,Фут-штаны,Синий максмара футболка штаны,46-56,шт,Bahor - Yoz
8861,PJ-1156-v4019,Фут-штаны,Максмара футболка штаны,46-56,шт,Bahor - Yoz
8918,Pj-1149-v4089,Фут-штаны,Максмара футболка штаны,46-56,шт,Bahor - Yoz
9099,PJ-1161-v4112,Фут-штаны,Бюти футболка штаны,48-58,шт,Bahor - Yoz
7800,PJ-1107-v2819,ФУт-штаны-жаккард,Роза жаккард футболка штаны,44-52,шт,Kuz - Qish
7801,PJ-1107-v2817,ФУт-штаны-жаккард,Роза белыйпуговица фут штаны жаккард,44-52,шт,Bahor - Yoz
7832,Pj-1107-v2818,ФУт-штаны-жаккард,Роза белый жаккард футболка штаны,44-52,шт,Bahor - Yoz
7866,Pj-1107-v2820,ФУт-штаны-жаккард,Роза белый футболка жаккард штаны,44-52,шт,Bahor - Yoz
7867,PJ-1107-v2842,ФУт-штаны-жаккард,Сердечка пуговица жаккард футболка штаны,44-52,шт,Bahor - Yoz
7868,PJ-1107-v2841,ФУт-штаны-жаккард,Сердечка пуговица жаккард футболка штаны,44-52,шт,Bahor - Yoz
7873,PJ-1107-v2821,ФУт-штаны-жаккард,Лимон футболка штаны жаккард,44-52,шт,Bahor - Yoz
7883,Pj-1107-v2822,ФУт-штаны-жаккард,Роза белый жаккард футболка штаны,44-52,шт,Bahor - Yoz
8022,PJ-1123-v3024,ФУт-штаны-жаккард,Роза сердечка футболка штаны,44-52,шт,Bahor - Yoz
8108,PJ-1107-v3058,ФУт-штаны-жаккард,Сердечка жаккард футболка штаны,44-52,шт,Bahor - Yoz
8136,PJ-1107-v3211,ФУт-штаны-жаккард,Лимон белый жаккард футболка штаны,44-52,шт,Bahor - Yoz
8163,PJ-1107-v3212,ФУт-штаны-жаккард,Белый жаккард футболка штаны,44-52,шт,Bahor - Yoz
8242,Pj-1107-v2844,ФУт-штаны-жаккард,Роза жёлтый жаккард футболка штаны,44-52,шт,Bahor - Yoz
8254,PJ-1107-v2845,ФУт-штаны-жаккард,Розовый жаккард футболка штаны,44-52,шт,Bahor - Yoz
8255,PJ-1107-v3288,ФУт-штаны-жаккард,Белый горох жаккардж футболка штаны,44-52,шт,Bahor - Yoz
8267,Pj-1107-v3291,ФУт-штаны-жаккард,Молочный жаккард футболка штаны,44-52,шт,Bahor - Yoz
8268,PJ-1107-v2843,ФУт-штаны-жаккард,Роза голубой жаккард футболка штаны,44-52,шт,Bahor - Yoz
8273,Pj-1107-v3290,ФУт-штаны-жаккард,Розовый жаккард футболка штаны,44-52,шт,Bahor - Yoz
8275,PJ-1107-v3319,ФУт-штаны-жаккард,Роза синий жаккард футболка штаны,44-52,шт,Bahor - Yoz
8291,Pj-1107-v3260,ФУт-штаны-жаккард,Белый сердечка жаккард футболка штаны,44-52,шт,Bahor - Yoz
8301,Pj-1107-v3323,ФУт-штаны-жаккард,Голубой жаккард футболка штаны,44-52,шт,Bahor - Yoz
8323,Pj-1107-v3399,ФУт-штаны-жаккард,Бабочка жаккард футболка штаны,44-52,шт,Bahor - Yoz
8333,PJ-1107-v3400,ФУт-штаны-жаккард,Белый жаккард футболка штаны,44-52,шт,Bahor - Yoz
8334,Pj-1107-v3320,ФУт-штаны-жаккард,Хаки жаккард футболка штаны,44-52,шт,Bahor - Yoz
8340,PJ-1134-v3341,ФУт-штаны-жаккард,Розовый жаккард футболка штаны,44-52,шт,Bahor - Yoz
8387,Pj-1107-v3500,ФУт-штаны-жаккард,Роза жаккард футболка штаны,44-52,шт,Bahor - Yoz
8389,PJ-1107-v3501,ФУт-штаны-жаккард,Роза жаккард футболка штаны,44-52,шт,Bahor - Yoz
8413,pj-1107-v3561,ФУт-штаны-жаккард,Сердечка хаки жаккард футболка штаны,44-52,шт,Bahor - Yoz
8456,Pj-1134-v3340,ФУт-штаны-жаккард,Светло-голубой жаккард футболка штаны,44-52,шт,Bahor - Yoz
8571,Pj-1146-v3734,ФУт-штаны-жаккард,Голубой с сердечка к/р жаккард пижама,44-52,шт,Bahor - Yoz
8745,Pj-1107-v2816,ФУт-штаны-жаккард,Белый жаккард футболка штаны,44-52,шт,Bahor - Yoz
8806,Pj-1146-v3781,ФУт-штаны-жаккард,Белый жаккард футболка штаны,44-52,шт,Bahor - Yoz
7899,PJ-1118-v2920,ФУт-штаны-жаккард-сердечка,Сердечка персик жаккард футболка штаны,44-52,шт,Bahor - Yoz
7906,PJ-1118-v2921,ФУт-штаны-жаккард-сердечка,Сердечка розовый жаккард футболка штаны,44-52,шт,Bahor - Yoz
7958,PJ-1118-v2922,ФУт-штаны-жаккард-сердечка,Т-синий сердечка жаккард футболка штаны,44-52,шт,Bahor - Yoz
8024,Pj-1118-v3053,ФУт-штаны-жаккард-сердечка,Коричневый сердечка жаккард футболка штаны,44-52,шт,Bahor - Yoz
8028,PJ-1118-v3044,ФУт-штаны-жаккард-сердечка,Горчичный сердечка жаккард футболка штаны,44-52,шт,Bahor - Yoz
8156,Pj-1118-v3199,ФУт-штаны-жаккард-сердечка,Сердечка розовый жаккард футболка штаны,44-52,шт,Bahor - Yoz
8196,Pj-1118-v3234,ФУт-штаны-жаккард-сердечка,Хаки сердечка жаккард футболка штаны,44-52,шт,Bahor - Yoz
8219,PJ-1118-v3235,ФУт-штаны-жаккард-сердечка,Синий сердечка жаккард футболка штаны,44-52,шт,Bahor - Yoz
8377,PJ-1118-v3446,ФУт-штаны-жаккард-сердечка,Коричневый сердечка жаккард футболка штаны,44-52,шт,Bahor - Yoz
8480,Pj-1118-v3609,ФУт-штаны-жаккард-сердечка,Красный с сердечка жаккард футболка штаны,44-52,шт,Bahor - Yoz
8501,Pj-1118-v3610,ФУт-штаны-жаккард-сердечка,Коричневый с сердечка жаккард футболка штаны,44-52,шт,Bahor - Yoz
8527,Pj-1118-v3638,ФУт-штаны-жаккард-сердечка,Красный с сердечка жаккард футболка штаны,44-52,шт,Bahor - Yoz
8726,Pj-1118-v3881,ФУт-штаны-жаккард-сердечка,Жёлтый с сердечка жаккард футболка штаны,44-52,шт,Bahor - Yoz
8763,Pj-1118-v3819,ФУт-штаны-жаккард-сердечка,Чёрный с сердечка жаккард футболка штаны,44-52,шт,Bahor - Yoz
8382,PJ-1129-v3300,ФУт-штаны-лайкра,Коричневый лайкра футболка штаны,46-56,шт,Bahor - Yoz
8433,Pj-1130-v3301,ФУт-штаны-лайкра,Коричневый лайкра футболка штаны,58-66,шт,Bahor - Yoz
5863,PJ-1003-v001,Фут-штаны-лафша,Мор полоса треугольник футболка штаны,44-52,шт,Bahor - Yoz
5908,PJ-1003-v389,Фут-штаны-лафша,Полоса треугольник бордовый футболка штаны,44-52,шт,Bahor - Yoz
5909,PJ-1003-v0003,Фут-штаны-лафша,Мор полоса треугольник футболка штаны,44-52,шт,Bahor - Yoz
5972,PJ-1000-v196,Фут-штаны-лафша,Чёрный полоса футболка штаны,44-54,шт,Bahor - Yoz
5974,PJ-1000-v200,Фут-штаны-лафша,Коричневый полоса футболка штаны,44-54,шт,Bahor - Yoz
6013,PJ-1000-v194,Фут-штаны-лафша,Т-синий полоса футболка штаны,44-54,шт,Bahor - Yoz
6057,PJ-1000-v201,Фут-штаны-лафша,Коричневый полоса футболка штаны,46-56,шт,Bahor - Yoz
6061,PJ-1000-v0002,Фут-штаны-лафша,Полоса серый футболка штаны,46-56,шт,Bahor - Yoz
6063,PJ-1000-v787,Фут-штаны-лафша,Бордовый полоса футболка штаны,46-56,шт,Bahor - Yoz
6248,PJ-1000-v911,Фут-штаны-лафша,Серый полоса футболка штаны,44-54,шт,Bahor - Yoz
6253,PJ-1000-v937,Фут-штаны-лафша,Бордовый полоса футболка штаны,44-54,шт,Bahor - Yoz
7888,PJ-1109-v2839,Фут-штаны-лафша,Роза белый футболка штаны,44-52,шт,Bahor - Yoz
7913,PJ-1109-v2829,Фут-штаны-лафша,Сердечка белый лафша футболка штаны,44-52,шт,Bahor - Yoz
8032,PJ-1119-v2987,Фут-штаны-лафша,Роза пуговица лафша футболка штаны,44-52,шт,Bahor - Yoz
8115,PJ-1109-v3182,Фут-штаны-лафша,Сердечка лафша футболка штаны,44-52,шт,Bahor - Yoz
8116,Pj-1109-v3158,Фут-штаны-лафша,Сердечка лафша футболка штаны,44-52,шт,Bahor - Yoz
8117,PJ-1109-v3159,Фут-штаны-лафша,Белый лафша футболка штаны,44-52,шт,Bahor - Yoz
8120,PJ-1109-v3056,Фут-штаны-лафша,Роза белый футболка штаны,44-52,шт,Bahor - Yoz
8122,PJ-1109-v3161,Фут-штаны-лафша,Белый роза лафша футболка штаны,44-52,шт,Bahor - Yoz
8123,PJ-1109-v3157,Фут-штаны-лафша,Белый роза лафша футболка штаны,44-52,шт,Bahor - Yoz
8125,Pj-1109-v3236,Фут-штаны-лафша,Вишня белый лафша футболка штаны,44-52,шт,Bahor - Yoz
8126,Pj-1109-v3160,Фут-штаны-лафша,Коричневый лафша футболка штаны,44-52,шт,Bahor - Yoz
8216,PJ-1000-v3383,Фут-штаны-лафша,Коричневый  полоса футболка штаны,44-54,шт,Bahor - Yoz
8279,Pj-1109-v3365,Фут-штаны-лафша,Роза голубой лафша футболка штаны,44-52,шт,Bahor - Yoz
8292,Pj-1109-v3386,Фут-штаны-лафша,Красный-белый сердечка футболка штаны,44-52,шт,Bahor - Yoz
8315,Pj-1000-v3392,Фут-штаны-лафша,Коричневый полоса футболка штаны,44-54,шт,Bahor - Yoz
8351,Pj-1109-v3455,Фут-штаны-лафша,Роза лафша футболка штаны,44-52,шт,Bahor - Yoz
8371,Pj-1109-v3456,Фут-штаны-лафша,Роза футболка  штаны,44-52,шт,Bahor - Yoz
8373,PJ-1000-v3393,Фут-штаны-лафша,Голубой лафша футболка штаны,44-54,шт,Bahor - Yoz
8379,PJ-1000-v3415,Фут-штаны-лафша,Коричневый лафша футболка штаны,44-54,шт,Bahor - Yoz
8567,Pj-1143-v3652,Фут-штаны-лафша,Молочный к/р лапша пижама,44-52,шт,Bahor - Yoz
8595,Pj-1143-v3728,Фут-штаны-лафша,Серый к/р лапша пижама,44-52,шт,Bahor - Yoz
8621,Pj-1143-v3653,Фут-штаны-лафша,Молочный лапша к/р пижама,44-52,шт,Bahor - Yoz
8635,Pj-1143-v3661,Фут-штаны-лафша,Молочный лапша пижама,44-52,шт,Bahor - Yoz
8650,Pj-1143-v3654,Фут-штаны-лафша,Белый лапша к/р пижама,44-52,шт,Bahor - Yoz
8651,Pj-1143-v3655,Фут-штаны-лафша,Мята лапша к/р пижама,44-52,шт,Bahor - Yoz
8652,Pj-1143-v3656,Фут-штаны-лафша,Молочный лапша к/р пижама,44-52,шт,Bahor - Yoz
8674,Pj-1143-v3651,Фут-штаны-лафша,Белый лаша футболка штаны,44-52,шт,Bahor - Yoz
8694,Pj-1109-v2827,Фут-штаны-лафша,Белый с лимон лапша футболка штаны,44-52,шт,Bahor - Yoz
8724,Pj-1143-v3650,Фут-штаны-лафша,Белый лапша футболка штаны,44-52,шт,Bahor - Yoz
8729,Pj-1109-v3884,Фут-штаны-лафша,Белый с сердечка лапша футболка штаны,44-52,шт,Bahor - Yoz
8738,Pj-1143-v3803,Фут-штаны-лафша,Серый лапша футболка штаны,44-52,шт,Bahor - Yoz
8748,Pj-1000-v3897,Фут-штаны-лафша,Бордовый лапша футболка штаны,44-54,шт,Bahor - Yoz
8007,PJ-1122-v3023,ФУт-штаны-муслин,Сердечка белый пуговица муслин футболка штаны,44-52,шт,Bahor - Yoz
6985,XJ-3057-v1728,Халат 3/4 большой пуговица,Пламя оранжевый с воротником пуговица халат 3/4,44-54,шт,Bahor - Yoz
6989,XJ-3062-v1805,Халат 3/4 большой пуговица,Смородина пуговица халат 3/4,44-54,шт,Bahor - Yoz
6990,XJ-3062-v1796,Халат 3/4 большой пуговица,Лимон пуговица халат 3/4,44-54,шт,Bahor - Yoz
6991,XJ-3062-v1806,Халат 3/4 большой пуговица,Горчичный пуговциа халат 3/4,44-54,шт,Bahor - Yoz
6993,XJ-3062-v1801,Халат 3/4 большой пуговица,Оранжевый пуговица халат 3/4,44-54,шт,Bahor - Yoz
6994,xj-3062-v1804,Халат 3/4 большой пуговица,Чёрный горох пуговица халат 3/4,44-54,шт,Bahor - Yoz
7028,XJ-3057-v1712,Халат 3/4 большой пуговица,Хаки рязка своротником пуговица халат 3/4,44-54,шт,Bahor - Yoz
7033,Xj-3062-v1788,Халат 3/4 большой пуговица,Оранжевый пуговица халат 3/4,44-54,шт,Bahor - Yoz
7035,XJ-3062-v1885,Халат 3/4 большой пуговица,Чёрный пуговица халат 3/4,44-54,шт,Bahor - Yoz
7037,XJ-3062-v1888,Халат 3/4 большой пуговица,Оранжевый пуговица халат 3/4,44-54,шт,Bahor - Yoz
7038,XJ-3062-v1919,Халат 3/4 большой пуговица,Пламя оранжевый пуговица халат 3/4,44-54,шт,Bahor - Yoz
7047,XJ-3062-v1882,Халат 3/4 большой пуговица,Голубой роза пуговица халат 3/4,44-54,шт,Bahor - Yoz
7048,XJ-3062-v1923,Халат 3/4 большой пуговица,Оранжевый роза пуговица халат 3/4,44-54,шт,Bahor - Yoz
7052,XJ-3062-v1927,Халат 3/4 большой пуговица,Рязка хаки пуговица халат 3/4,44-54,шт,Bahor - Yoz
7056,XJ-3062-v1881,Халат 3/4 большой пуговица,Роза жёлтый пуговица халат 3/4,44-54,шт,Bahor - Yoz
7061,XJ-3062-v1884,Халат 3/4 большой пуговица,Роза чёрный пуговица халат 3/4,44-54,шт,Bahor - Yoz
7062,XJ-3062-v1886,Халат 3/4 большой пуговица,Фиолетовый пуговица халат 3/4,44-54,шт,Bahor - Yoz
7066,XJ-3062-v1925,Халат 3/4 большой пуговица,Хаки руговица халат 3/4,44-54,шт,Bahor - Yoz
7076,XJ-3062-v1924,Халат 3/4 большой пуговица,Роза пугоивица халат 3/4,44-54,шт,Bahor - Yoz
7084,XJ-3062-v1887,Халат 3/4 большой пуговица,Серый пуговица халат 3/4,44-54,шт,Bahor - Yoz
7088,XJ-3057-v1847,Халат 3/4 большой пуговица,Мини смородина с воротиником пуговица халат 3/4,44-54,шт,Bahor - Yoz
7104,XJ-3062-v1989,Халат 3/4 большой пуговица,Жёлтый пуговица халат 3/4,44-54,шт,Bahor - Yoz
7138,XJ-3057-v1745,Халат 3/4 большой пуговица,Фиолетовый с воротником пуговица халат 3/4,44-54,шт,Bahor - Yoz
7140,xj-3062-v1988,Халат 3/4 большой пуговица,Зелёный пуговица халат 3/4,44-54,шт,Bahor - Yoz
7143,XJ-3062-v2007,Халат 3/4 большой пуговица,Хаки рязка пуговица халат 3/4,44-54,шт,Bahor - Yoz
7145,xj-3062-v1991,Халат 3/4 большой пуговица,Роза оранжевый с пугоивца халат 3/4,44-54,шт,Bahor - Yoz
7176,xj-3062-v2031,Халат 3/4 большой пуговица,Оранжевый пуговица халат 3/4,44-54,шт,Bahor - Yoz
7177,XJ-3062-v2042,Халат 3/4 большой пуговица,Синий пуговица халат 3/4,44-54,шт,Bahor - Yoz
7182,XJ-3057-v1746,Халат 3/4 большой пуговица,Оранжевый с воротником пуговица халат 3/4,44-54,шт,Bahor - Yoz
7197,XJ-3057-v1973,Халат 3/4 большой пуговица,Мини роза оранжевый с воротником пуговица халат 3/4,44-54,шт,Bahor - Yoz
7207,XJ-3062-v2054,Халат 3/4 большой пуговица,Инфинитий оранжевый пуговица халат 3/4,44-54,шт,Bahor - Yoz
7216,XJ-3062-v2078,Халат 3/4 большой пуговица,Рязка оранжевый пуговица халат 3/4,44-54,шт,Bahor - Yoz
7222,XJ-3062-v2075,Халат 3/4 большой пуговица,Зелёный пуговица халат 3/4,44-54,шт,Bahor - Yoz
7243,XJ-3062-v2126,Халат 3/4 большой пуговица,Жёлтый пуговица халат 3/4,44-54,шт,Bahor - Yoz
7245,XJ-3062-v2105,Халат 3/4 большой пуговица,Серый пугоивца халат 3/4,44-54,шт,Bahor - Yoz
7249,XJ-3062-v1803,Халат 3/4 большой пуговица,Српедный горох пуговица халат 3/4,44-54,шт,Bahor - Yoz
7254,XJ-3062-v2148,Халат 3/4 большой пуговица,Грязный роза пуговица халат 3/4,44-54,шт,Bahor - Yoz
7260,xj-3062-v2069,Халат 3/4 большой пуговица,Зелёный пуговица халат 3/4,44-54,шт,Bahor - Yoz
7261,xj-3062-v2086,Халат 3/4 большой пуговица,Голубой пуговица халат 3/4,44-54,шт,Bahor - Yoz
7263,XJ-3062-v2125,Халат 3/4 большой пуговица,Оранжевый пуговица халат 3/4,44-54,шт,Bahor - Yoz
7266,xj-3062-v2228,Халат 3/4 большой пуговица,Синий пуговица халат 3/4,44-54,шт,Bahor - Yoz
7271,xj-3062-v2123,Халат 3/4 большой пуговица,Фиолетовый пуговица халат 3/4,44-54,шт,Bahor - Yoz
7278,xj-3062-v2124,Халат 3/4 большой пуговица,Синий пуговица халат 3/4,44-54,шт,Bahor - Yoz
7286,XJ-3062-v1883,Халат 3/4 большой пуговица,Роза оранжевый пуговица халат 3/4,44-54,шт,Bahor - Yoz
7288,XJ-3062-v2260,Халат 3/4 большой пуговица,Красный пуговица халат 3/4,44-54,шт,Bahor - Yoz
7307,xj-3062-v2257,Халат 3/4 большой пуговица,Роза синий пуговица халат 3/4,44-54,шт,Bahor - Yoz
7314,XJ-3062-v2311,Халат 3/4 большой пуговица,Оранжевый пуговица халат 3/4,44-54,шт,Bahor - Yoz
7322,XJ-3062-v2274,Халат 3/4 большой пуговица,Мини горох белый пуговица халат 3/4,44-54,шт,Bahor - Yoz
7324,xj-3062-v2277,Халат 3/4 большой пуговица,Горох зелёный пуговица халат 3/4,44-54,шт,Bahor - Yoz
7418,XJ-3062-v2377,Халат 3/4 большой пуговица,Голубй пуговица халат 3/4,44-54,шт,Kuz - Qish
7420,Xj-3062-v2394,Халат 3/4 большой пуговица,Зебра оранжевый пуговица халат 3/4,44-54,шт,Bahor - Yoz
7422,XJ-3062-v2127,Халат 3/4 большой пуговица,Роза серый пуговица  халат 3/4,44-54,шт,Bahor - Yoz
7423,XJ-3062-v2128,Халат 3/4 большой пуговица,Роза пуговица халат 3/4,44-54,шт,Bahor - Yoz
7435,xj-3062-v2399,Халат 3/4 большой пуговица,Роза оранжеввй пуговица халат 3/4,44-54,шт,Bahor - Yoz
7475,XJ-3062-v2376,Халат 3/4 большой пуговица,Красный пуговица халат 3/4,44-54,шт,Bahor - Yoz
7484,XJ-3062-v2468,Халат 3/4 большой пуговица,Роза оранжевый пуговица халат 3/4,44-54,шт,Bahor - Yoz
7497,XJ-3062-v2482,Халат 3/4 большой пуговица,Роза чёрный пуговица халат 3/4,44-54,шт,Bahor - Yoz
7515,xj-3062-v2496,Халат 3/4 большой пуговица,Роза пуговица халат 3/4,44-54,шт,Bahor - Yoz
7519,XJ-3062-v2481,Халат 3/4 большой пуговица,Роза горчичный пуговица халат 3/4,44-54,шт,Bahor - Yoz
7526,XJ-3062-v2524,Халат 3/4 большой пуговица,Хаик пуговица халат 3/4,44-54,шт,Bahor - Yoz
7537,XJ-3062-v2515,Халат 3/4 большой пуговица,Горчичный пуговица халат 3/4,44-54,шт,Bahor - Yoz
7540,XJ-3062-v2497,Халат 3/4 большой пуговица,Серый пуговица халат 3/4,44-54,шт,Bahor - Yoz
7584,XJ-3062-v2616,Халат 3/4 большой пуговица,Оранжевый пуговица халат 3/4,44-54,шт,Bahor - Yoz
7628,XJ-3062-v2485,Халат 3/4 большой пуговица,Оранжевый пуговица бамбук халат 3/4,44-54,шт,Bahor - Yoz
7667,XJ-3062-v2623,Халат 3/4 большой пуговица,Горчичный пуговица халат 3/4,44-54,шт,Bahor - Yoz
7984,XJ-3062-v2959,Халат 3/4 большой пуговица,Роза пуговица халат 3/4,44-54,шт,Bahor - Yoz
8047,XJ-3062-v2958,Халат 3/4 большой пуговица,Горох пуговица халат 3/4,44-54,шт,Bahor - Yoz
8069,xj-3062-v2977,Халат 3/4 большой пуговица,Роза оранжевый халат 3/4,44-54,шт,Bahor - Yoz
8195,XJ-3062-v3178,Халат 3/4 большой пуговица,Красный пуговица халат 3/4,44-54,шт,Bahor - Yoz
8313,XJ-3062-v3403,Халат 3/4 большой пуговица,Красный пуговица халат 3/4,44-54,шт,Bahor - Yoz
8337,Xj-3062-v3472,Халат 3/4 большой пуговица,Средный горох пуговица халат 3/4,44-54,шт,Bahor - Yoz
8499,Xj-3062-v3627,Халат 3/4 большой пуговица,Оранжевый большой пуговица халат,44-54,шт,Bahor - Yoz
8533,Xj-3062-v3658,Халат 3/4 большой пуговица,Т-синий 3/4 болшой пуговица халат,44-54,шт,Bahor - Yoz
8629,xj-3062-v3796,Халат 3/4 большой пуговица,Пуговица халат 3/4,44-54,шт,Bahor - Yoz
8645,Xj-3062-v3812,Халат 3/4 большой пуговица,Фиолетвый с большой пуговица 3/4 халат,44-54,шт,Bahor - Yoz
8649,Xj-3062-v3811,Халат 3/4 большой пуговица,Красный с большой пуговица 3/4 халат,44-54,шт,Bahor - Yoz
8661,Xj-3062-v3817,Халат 3/4 большой пуговица,Оранжевый с большой пуговица 3/4 халат,44-54,шт,Bahor - Yoz
8662,Xj-3062-v3825,Халат 3/4 большой пуговица,Жёлтый с большой пуговица 3/4 халат,44-54,шт,Bahor - Yoz
8676,Xj-3062-v3840,Халат 3/4 большой пуговица,Жёлтый с большой пуговица 3/4 халат,44-54,шт,Bahor - Yoz
8682,Xj-3062-v3845,Халат 3/4 большой пуговица,Бордовый с большой пуговица 3/4 халат,44-54,шт,Bahor - Yoz
8712,Xj-3062-v3852,Халат 3/4 большой пуговица,Бордовый с большой пуговица 3/4 халат,44-54,шт,Bahor - Yoz
8721,Xj-3062-v3800,Халат 3/4 большой пуговица,Зелённый с большой пуговица 3/4 халат,44-54,шт,Bahor - Yoz
8727,Xj-3062-v3895,Халат 3/4 большой пуговица,Оранжевый с большой пуговица 3/4 халат,44-54,шт,Bahor - Yoz
8733,Xj-3107-v3854,Халат 3/4 большой пуговица,Коричневый с большой пуговица 3/4 халат,44-54,шт,Bahor - Yoz
8735,Xj-3107-v3853,Халат 3/4 большой пуговица,Малиновый с большой пуговица 3/4 халат,44-54,шт,Kuz - Qish
8758,Xj-3062-v3920,Халат 3/4 большой пуговица,Малиновый с большой пуговица 3/4 халат,44-54,шт,Bahor - Yoz
8764,Xj-3062-v3934,Халат 3/4 большой пуговица,Синий с большой пуговица 3/4 халат,44-54,шт,Bahor - Yoz
8794,Xj-3062-v3887,Халат 3/4 большой пуговица,Фиолетвый с большой пуговица 3/4 халат,44-54,шт,Bahor - Yoz
8807,Xj-3062-v3892,Халат 3/4 большой пуговица,Синий с большой пуговица 3/4 халат,44-54,шт,Bahor - Yoz
8815,xj-3062-v3977,Халат 3/4 большой пуговица,Синий Пугоивца халат 3/4,44-54,шт,Bahor - Yoz
8827,xJ-3062-v3908,Халат 3/4 большой пуговица,Голубой Пуговица халат 3/4,44-54,шт,Bahor - Yoz
8833,XJ-3062-v3851,Халат 3/4 большой пуговица,Кормичневый пуговица халат 3/4,44-54,шт,Bahor - Yoz
8834,xj-3062-v4002,Халат 3/4 большой пуговица,Хаки пуговица халат 3/4,44-54,шт,Bahor - Yoz
8845,XJ-3062-v3978,Халат 3/4 большой пуговица,Бабочка пуговица халат 3/4,44-54,шт,Bahor - Yoz
8847,XJ-3062-v3860,Халат 3/4 большой пуговица,Зелёный пуговица халат 3/4,44-54,шт,Bahor - Yoz
8852,Xj-3062-v3983,Халат 3/4 большой пуговица,Розовый пуговица халат 3/4,44-54,шт,Bahor - Yoz
8866,xj-3062-v3984,Халат 3/4 большой пуговица,Синий пуговица халат 3/4,44-54,шт,Bahor - Yoz
8877,xj-3062-v3981,Халат 3/4 большой пуговица,Фиолетовый пуговица халат 3/4,44-54,шт,Bahor - Yoz
8887,Xj-3109-v3974,Халат 3/4 большой пуговица,Максмара пуговица халат 3/4,46-56,шт,Bahor - Yoz
8888,xj-3109-v3976,Халат 3/4 большой пуговица,Максмара пуговица халат 3/4,46-56,шт,Bahor - Yoz
8890,xj-3062-v3907,Халат 3/4 большой пуговица,Зелёный пуговица халат 3/4,44-54,шт,Bahor - Yoz
8904,xj-3062-v3811,Халат 3/4 большой пуговица,Синий пугоивца халат 3/4,44-54,шт,Bahor - Yoz
8907,Xj-3109-v3975,Халат 3/4 большой пуговица,Максмара пуговица халат 3/4,46-56,шт,Bahor - Yoz
8932,xj-3062-v3903,Халат 3/4 большой пуговица,Роза оранжевый пуговица халат 3/4,44-54,шт,Bahor - Yoz
9049,xj-3116-v4173,Халат 3/4 большой пуговица,Роза оранжевый пуговица халат 3/4,44-54,шт,Bahor - Yoz
9072,xj-3116-v4224,Халат 3/4 большой пуговица,Вишня красный пуговица халат 3/4,44-54,шт,Bahor - Yoz
9082,xj-3062-v3844,Халат 3/4 большой пуговица,Чёрный пуговица халат 3/4,44-54,шт,Bahor - Yoz
5846,XJ-3021-v307,Халат 3/4 рук,Инфинитий пуговица халат 3/4,48-58,шт,Bahor - Yoz
5881,XJ-3013-v001,Халат 3/4 рук,Инфинитий чёрный пуговица кружева халат 3/4,46-56,шт,Bahor - Yoz
5885,XJ-3013-v392,Халат 3/4 рук,Средный горох с воротником пуговица халат 3/4,46-56,шт,Bahor - Yoz
5913,XJ-3021-v168,Халат 3/4 рук,Средный горох пуговица полоса халат 3/4,48-58,шт,Bahor - Yoz
5919,XJ-3014-v369,Халат 3/4 рук,Хакки ромашка пуговица с воротником халат 3/4,46-56,шт,Bahor - Yoz
5920,XJ-3013-v384,Халат 3/4 рук,Жёлтый ромашка с воротником пуговица халат 3/4,46-56,шт,Bahor - Yoz
5936,XJ-3003-v373,Халат 3/4 рук,Мини шарик пуговица халат 3/4,48-58,шт,Bahor - Yoz
5952,xj-3014-v367,Халат 3/4 рук,Жёлтый ромашка с воротником халат 3/4,46-56,шт,Bahor - Yoz
5973,XJ-3014-v409,Халат 3/4 рук,Мини смородина с воротником халат 3/4,46-56,шт,Bahor - Yoz
6006,XJ-3014-v530,Халат 3/4 рук,Роза хаки с воротником пуговица халат 3/4,46-56,шт,Bahor - Yoz
6049,XJ-3020-v1,Халат 3/4 рук,Мини горох лимон 3/4 рукава,48-58,шт,Bahor - Yoz
6068,XJ-3040-v702,Халат 3/4 рук,Мини горох пуговица халат 3/4,44-54,шт,Bahor - Yoz
6144,XJ-3034-v779,Халат 3/4 рук,Зелёный роза с воротником пуговица халат к/р,46-56,шт,Bahor - Yoz
6912,XJ-3058-v1740,Халат 3/4 рук,Мини горох лимон пуговица халат 3/4,48-58,шт,Bahor - Yoz
6934,XJ-3055-v1678,Халат 3/4 рук,Инфинитий чёрный пуговица халат 3/4,48-58,шт,Bahor - Yoz
6943,XJ-3056-v1687,Халат 3/4 рук,Средный горох жёлтый пуговица халат 3/4,48-58,шт,Bahor - Yoz
6944,XJ-3003-v1726,Халат 3/4 рук,Рязка хаки пуговица халат 3/4,48-58,шт,Bahor - Yoz
6948,XJ-3055-v1683,Халат 3/4 рук,Мини горох белый треугольник пуговица халат 3/4,48-58,шт,Bahor - Yoz
6949,XJ-3055-v1671,Халат 3/4 рук,Горох жёлтый треугольник пуговица халат 3/4,48-58,шт,Bahor - Yoz
6971,XJ-3056-v1689,Халат 3/4 рук,Средный горох горчичный пуговица халат 3/4,48-58,шт,Bahor - Yoz
7006,Xj-3060-v1774,Халат 3/4 рук,Синий пуговица халат 3/4,46-56,шт,Bahor - Yoz
7009,XJ-3056-v1688,Халат 3/4 рук,Средный горох пуговица халат 3/4,48-58,шт,Bahor - Yoz
7117,XJ-3060-v1774,Халат 3/4 рук,Синий роза пуговица халат 3/4,46-56,шт,Bahor - Yoz
7144,XJ-3064-v1906,Халат 3/4 рук,Золота листь пуговица халат 3/4,48-58,шт,Bahor - Yoz
7166,xj-3064-v1929,Халат 3/4 рук,Рязка кружева пуговица халат 3/4,48-58,шт,Bahor - Yoz
7219,XJ-3003-v2005,Халат 3/4 рук,Рязка жёлтый пуговица халат 3/4,48-58,шт,Bahor - Yoz
7242,XJ-3058-v2045,Халат 3/4 рук,Гранат пуговица мини горох 3/4 халат,46-56,шт,Bahor - Yoz
7300,XJ-3064-v2027,Халат 3/4 рук,Золота листь пуговица халат 3/4,48-58,шт,Bahor - Yoz
7309,xj-3055-v1684,Халат 3/4 рук,Мини горох жёлтый пуговица халат 3/4,48-58,шт,Bahor - Yoz
7345,XJ-3003-v2344,Халат 3/4 рук,Фенди пуговица халат 3/4,48-58,шт,Bahor - Yoz
7379,XJ-3072-v2245,Халат 3/4 рук,Роза оранжевый с воротником пуговица халат 3/4,46-56,шт,Bahor - Yoz
7414,TJ-2095-v2219,Халат 3/4 рук,Клетка с воротником пуговица рубашка 3/4,46-56,шт,Bahor - Yoz
7485,XJ-3072-v2244,Халат 3/4 рук,Роза серый с воротником пуговица халат 3/4,46-56,шт,Bahor - Yoz
7527,XJ-3074-v2285,Халат 3/4 рук,Роза красный с воротником пуговица халат 3/4,46-56,шт,Bahor - Yoz
7559,Xj-3074-v2284,Халат 3/4 рук,Роза зелёный с воротником туника 3/4,46-56,шт,Bahor - Yoz
7601,XJ-3071-v2216,Халат 3/4 рук,Рязка зелёный кружева пуговица халат 3/4,48-58,шт,Bahor - Yoz
7638,XJ-3055-v1684,Халат 3/4 рук,Мини горох жёлтый пуговица халат 3/4,48-58,шт,Kuz - Qish
7668,XJ-3061-v1773,Халат 3/4 рук,Мини горох с воротником халат 3/4,50-60,шт,Bahor - Yoz
8624,Xj-3101-v3759,Халат 3/4 рук,Фыолетвый 3/4 халат,44-54,шт,Bahor - Yoz
8632,Xj-3003-v3793,Халат 3/4 рук,Горох с пуговица 3/4 халат,48-58,шт,Bahor - Yoz
8637,Xj-3101-v3761,Халат 3/4 рук,Оранжевый 3/4 халат,44-54,шт,Bahor - Yoz
8678,Xj-3098-v3772,Халат 3/4 рук,Малиновый с пуговица 3/4 халат,46-56,шт,Bahor - Yoz
8686,Xj-3074-v3744,Халат 3/4 рук,Оранжевый Халат с кружевами на пуговицах 3/4,46-56,шт,Bahor - Yoz
8698,Xj-3098-v3746,Халат 3/4 рук,Оранжевый с пуговица 3/4 халат,46-56,шт,Bahor - Yoz
8701,Xj-3101-v3795,Халат 3/4 рук,Синий 3/4 халат,44-54,шт,Bahor - Yoz
8728,Xj-3074-v3849,Халат 3/4 рук,Зелённый с воротником 3/4 халат,46-56,шт,Bahor - Yoz
8801,Xj-3108-v3948,Халат 3/4 рук,Оранжевый с пуговица 3/4 халат,46-56,шт,Bahor - Yoz
8810,Xj-3098-v3777,Халат 3/4 рук,Синий с пуговица 3/4 халат,46-56,шт,Bahor - Yoz
5889,XJ-3016-v01,Халат к/р,Мор полоса пуговица халат к/р,46-54,шт,Bahor - Yoz
5914,XJ-3004-v386,Халат к/р,Мини горох с воротником пуговица халат к/р,48-58,шт,Bahor - Yoz
5921,XJ-3031-v309,Халат к/р,Средный горох руговица халат к/р,46-56,шт,Bahor - Yoz
5926,XJ-3016-v207,Халат к/р,Чёрный полоса пуговица халат к/р,46-54,шт,
5927,XJ-3016-v211,Халат к/р,Коричневый полоса пуговица халат к/р,46-54,шт,Bahor - Yoz
5930,XJ-3016-v2,Халат к/р,Бордовый полоса пуговица халат к/р,46-56,шт,Bahor - Yoz
5940,XJ-3016-v209,Халат к/р,Т-синий пуговица полоса халат к/р,46-56,шт,Bahor - Yoz
5948,XJ-3023-v178,Халат к/р,Оранжевый пуговица кружева халат к/р,44-52,шт,Bahor - Yoz
6069,XJ-3033-v419,Халат к/р,Мини горох апелсин пуговица халат к/р,48-56,шт,Bahor - Yoz
6074,XJ-3033-419,Халат к/р,Мини горох лимон пуговица халат к/р,46-56,шт,Bahor - Yoz
6115,xj-3031-v353,Халат к/р,Мини горох пуговица халат,50-60,шт,Bahor - Yoz
6168,XJ-3039-v778,Халат к/р,Золота замок кружева халат к/р,50-60,шт,Bahor - Yoz
6199,XJ-3042-v821,Халат к/р,Квадрат зелёный пуговица халат к/р,48-58,шт,Bahor - Yoz
6224,XJ-3034-v684,Халат к/р,Зелёный роза с воротником пуговица халат к/р,46-56,шт,Bahor - Yoz
6316,XJ-3033-v925,Халат к/р,Мини горох лимон пуговица халат к/р,46-56,шт,Bahor - Yoz
6570,XJ-3034-v429,Халат к/р,Фенди бордовый с воротником пуговица халат к/р,46-56,шт,Bahor - Yoz
6700,XJ-3050-v1497,Халат к/р,Фиолетовый пуговица кружева халат к/р,46-54,шт,Bahor - Yoz
6727,XJ-3049-v1464,Халат к/р,Квадрат пуговица халат к/р,48-58,шт,Bahor - Yoz
6737,XJ-3046-v1386,Халат к/р,Пламя с воротником пуговица халат к/р,44-52,шт,Bahor - Yoz
6741,XJ-3050-v1498,Халат к/р,Оранжевый роза кружева пуговица халат к/р,46-54,шт,Bahor - Yoz
6790,XJ-3046-v1385,Халат к/р,Роза оранжевый с воротником пуговица халат к/р,44-52,шт,Bahor - Yoz
6835,XJ-3050-v1496,Халат к/р,Ментоль пугоивца кружева халат к/р,46-54,шт,Bahor - Yoz
6846,XJ-3046-v1556,Халат к/р,Оранжевый с воротником пугоивца халат к/р,44-52,шт,Bahor - Yoz
6868,XJ-3052-v1562,Халат к/р,Квадрат т-синий пуговица халат к/р,50-60,шт,Bahor - Yoz
6888,XJ-3051-v1561,Халат к/р,Рязка оранжевый пуговица халат к/р,46-56,шт,Bahor - Yoz
6926,XJ-3033-v1649,Халат к/р,Гранат мини горох пуговица туника,46-56,шт,Bahor - Yoz
6958,XJ-3044-v1747,Халат к/р,Синий пуговица халат к/р,44-54,шт,Bahor - Yoz
6959,XJ-3044-V1761,Халат к/р,микс пуговиса халат,44-54,шт,Bahor - Yoz
6984,XJ-3044-v1782,Халат к/р,Синий пуговица халат к/р,44-54,шт,Bahor - Yoz
6986,xj-3044-v1630,Халат к/р,Оранжевый пуговица халат к/р,44-54,шт,Bahor - Yoz
7236,XJ-3051-v1559,Халат к/р,Роза белый пуговица хала к/р,46-56,шт,Bahor - Yoz
7248,xj-3051-v1560,Халат к/р,Зелёный пуговица халат к/р,46-56,шт,Bahor - Yoz
8072,Xj-3082-v3061,Халат к/р,Голубой пуговица с воротником халат к/р,46-56,шт,Kuz - Qish
8088,Xj-3082-v3060,Халат к/р,Коричневый пуговица с воротником халат к/р,46-56,шт,Bahor - Yoz
8239,XJ-3084-v3274,Халат к/р,Красный кружева косыника пуговица халат к/р,44-52,шт,Bahor - Yoz
8431,xj-3044-v3552,Халат к/р,Роза пуговица халат к/р,44-54,шт,Bahor - Yoz
8716,XJ-3083-V3829,Халат к/р,Синий халат к/р,44-54,шт,Bahor - Yoz
6352,XJ-3044-v1116,Халат к/р большой пуговица,Мини флокс жёлтый лист пуговица халат,44-54,шт,Bahor - Yoz
6378,XJ-3044-v1117,Халат к/р большой пуговица,Оранжевый рязка пуговица халат к/р,44-54,шт,Bahor - Yoz
6432,XJ-3044-v1118,Халат к/р большой пуговица,Мини смородина пуговица халат к/р,44-54,шт,Bahor - Yoz
6622,XJ-3044-v1274,Халат к/р большой пуговица,Роза голубой пуговица халат к/р,44-54,шт,Bahor - Yoz
6636,XJ-3044-v1275,Халат к/р большой пуговица,Туркуаз роза пуговица халат к/р,44-54,шт,Bahor - Yoz
6639,XJ-3044-v1377,Халат к/р большой пуговица,Оранжевый роха пуговица халат к/р,44-52,шт,Bahor - Yoz
6697,XJ-3044-v1495,Халат к/р большой пуговица,Фиолетовый пуговица халат к/р,46-56,шт,Bahor - Yoz
6711,XJ-3044-v1586,Халат к/р большой пуговица,Листь зелёный пуговица халат к/р,44-54,шт,Bahor - Yoz
6714,xJ-3044-v1463,Халат к/р большой пуговица,Драст красный пуговциа халат к/р,44-54,шт,Bahor - Yoz
6726,XJ-3044-v1549,Халат к/р большой пуговица,Роза пуговица халат к/р,44-54,шт,Bahor - Yoz
6735,XJ-3044-v1543,Халат к/р большой пуговица,Пламя пуговица халат к/р,44-54,шт,Bahor - Yoz
6743,xj-3044-v1548,Халат к/р большой пуговица,Голубой пуговица халат к/р,44-54,шт,Bahor - Yoz
6804,XJ-3044-v1658,Халат к/р большой пуговица,Роза ментоль пуговица халат к/р,44-54,шт,Bahor - Yoz
6807,XJ-3044-v1637,Халат к/р большой пуговица,Роза горчичный пугоивца халат к/р,44-54,шт,Bahor - Yoz
6826,XJ-3044-v1584,Халат к/р большой пуговица,Малиновый роза пугоивца халат к/р,44-54,шт,Bahor - Yoz
6828,XJ-3044-v1682,Халат к/р большой пуговица,Горчичный пугоивца халат к/р,44-54,шт,Bahor - Yoz
6829,XJ-3044-v1668,Халат к/р большой пуговица,Хаки пуговица халат к/р,44-54,шт,Bahor - Yoz
6844,XJ-3044-v1585,Халат к/р большой пуговица,Оранжевый пуговица халат к/р,46-56,шт,Bahor - Yoz
6851,XJ-3044-v1631,Халат к/р большой пуговица,Оранжевый пуговица халат к/р,44-54,шт,Bahor - Yoz
6871,XJ-3044-v1629,Халат к/р большой пуговица,Роза хаки пуговица халат к/р,44-54,шт,Bahor - Yoz
6881,XJ-3044-v1698,Халат к/р большой пуговица,Синий пугоивца халат к/р,44-54,шт,Bahor - Yoz
6882,XJ-3044-v1703,Халат к/р большой пуговица,Роза горчичный пуговица халат к/р,46-56,шт,Bahor - Yoz
6886,XJ-3044-v1710,Халат к/р большой пуговица,Лимон мини горох пуговица халат к/р,44-54,шт,Bahor - Yoz
6927,XJ-3044-v1704,Халат к/р большой пуговица,Горчичный пгуоивца хадат к/р,46-56,шт,Bahor - Yoz
6928,xj-3044-v1599,Халат к/р большой пуговица,Средный горох пуговица халат к/р,44-54,шт,Bahor - Yoz
6936,xj-3044-v1600,Халат к/р большой пуговица,Мини горох пуговица халат к/р,44-54,шт,Bahor - Yoz
6937,XJ-3044-v1762,Халат к/р большой пуговица,Жёлтый пуговица халат к/р,44-54,шт,Bahor - Yoz
6954,XJ-3044-v1760,Халат к/р большой пуговица,Горох апуговица халат к/р,44-54,шт,Bahor - Yoz
6978,XJ-3044-v1718,Халат к/р большой пуговица,Оранжевый пуговица халат к/р,44-54,шт,Bahor - Yoz
6997,xj-3044-v1817,Халат к/р большой пуговица,Хаки болшой пуговица халат,44-54,шт,Bahor - Yoz
7007,Xj-3044-v1818,Халат к/р большой пуговица,Голубой пуговица халат к/р,44-54,шт,Bahor - Yoz
7053,XJ-3044-v1842,Халат к/р большой пуговица,Горчичный роза пуговица халат к/р,44-54,шт,Bahor - Yoz
7110,XJ-3044-v1831,Халат к/р большой пуговица,Голубой пуговица халат к/р,44-54,шт,Bahor - Yoz
8012,XJ-3044-v2985,Халат к/р большой пуговица,Фиолетовый пуговица халат к/р,44-54,шт,Bahor - Yoz
8043,XJ-3044-v3021,Халат к/р большой пуговица,Роза красный пуговица халат к/р,44-54,шт,Bahor - Yoz
8062,Xj-3044-v3067,Халат к/р большой пуговица,Синий пуговица халат к/р,44-54,шт,Bahor - Yoz
8206,Xj-3044-v3283,Халат к/р большой пуговица,Жёлтый болшой пуговица халат,44-54,шт,Bahor - Yoz
8211,Xj-3044-v3284,Халат к/р большой пуговица,Оранжевый Болшой пуговица халат,44-54,шт,Bahor - Yoz
8214,XJ-3044-v3314,Халат к/р большой пуговица,Синий пуговица халат 3/4,44-54,шт,Bahor - Yoz
8328,xj-3044-v3387,Халат к/р большой пуговица,Орвнжевый пуговица халат к/р,44-54,шт,Bahor - Yoz
8349,XJ-3044-v3434,Халат к/р большой пуговица,Роза пуговица халат к/р,44-54,шт,Bahor - Yoz
8354,XJ-3044-v3432,Халат к/р большой пуговица,Зелёный пуговица халат к/р,44-54,шт,Bahor - Yoz
8357,XJ-3044-v3448,Халат к/р большой пуговица,Оранжевый пуговица халат к/р,44-54,шт,Bahor - Yoz
8365,XJ-3044-v3433,Халат к/р большой пуговица,Роза оранжевый пуговица халат к/р,44-54,шт,Bahor - Yoz
8383,XJ-3044-v3435,Халат к/р большой пуговица,Хаки пуговица халат к/р,44-54,шт,Bahor - Yoz
8396,XJ-3044-v3460,Халат к/р большой пуговица,Фиолетовый пуговица халат к/р,46-56,шт,Bahor - Yoz
8397,XJ-3044-v3436,Халат к/р большой пуговица,Оранжевый пуговица халат к/р,44-54,шт,Bahor - Yoz
8398,xj-3044-v3438,Халат к/р большой пуговица,Зелёный пуговица халат к/р,44-54,шт,Bahor - Yoz
8401,XJ-3044-v3437,Халат к/р большой пуговица,Роза оранжвый пуговица халат к/р,44-54,шт,Bahor - Yoz
8406,xj-3044-V3428,Халат к/р большой пуговица,Роза пуговица халат к/р,44-54,шт,Bahor - Yoz
8414,XJ-3044-v3429,Халат к/р большой пуговица,Роза пугоица халат к/р,44-54,шт,Bahor - Yoz
8710,Xj-3044-v3830,Халат к/р большой пуговица,Оранжевый с большой пуговица к/р халат,44-54,шт,Bahor - Yoz
8816,Xj-3044-v3979,Халат к/р большой пуговица,Синий пугоивца халат к/р,44-54,шт,Bahor - Yoz
8848,xj-3044-v4014,Халат к/р большой пуговица,Оранжевый пуговица халат к/р,44-54,шт,Bahor - Yoz
8862,Xj-3044-v4032,Халат к/р большой пуговица,Вишня пуговица халат к/р,44-54,шт,Bahor - Yoz
8867,XJ-3044-v4049,Халат к/р большой пуговица,Оранжевый пуговица халат к/р,44-54,шт,Bahor - Yoz
8880,xj-3044-v4059,Халат к/р большой пуговица,зеленый пуговица Халат к/р,44-54,шт,Bahor - Yoz
8881,xj-3044-v4004,Халат к/р большой пуговица,Зебра оранжевый пуговица халат к/р,44-54,шт,Bahor - Yoz
8882,xj-3044-v4034,Халат к/р большой пуговица,Синий пуговица халат к/р,44-54,шт,Bahor - Yoz
8892,xj-3044-v4033,Халат к/р большой пуговица,Синий пугоивица халат к/р,44-54,шт,Bahor - Yoz
8893,XJ-3044-V4060,Халат к/р большой пуговица,Горох пугоивца халат к/р,44-54,шт,Bahor - Yoz
8896,Xj-3044-v4081,Халат к/р большой пуговица,Малиновый с большой пуговица к/р халат,44-54,шт,Bahor - Yoz
8897,Xj-3044-v4020,Халат к/р большой пуговица,Розовый с большой пуговица к/р халат,44-54,шт,Bahor - Yoz
8898,xj-3044-v4086,Халат к/р большой пуговица,Горох пуговица халат к/р,44-54,шт,Bahor - Yoz
8899,xj-3044-v4073,Халат к/р большой пуговица,Красный пугоивца халат к/р,44-54,шт,Bahor - Yoz
8901,xj-3044-v4080,Халат к/р большой пуговица,Синий пуговица халат к/р,44-54,шт,Bahor - Yoz
8905,xj-3044-v4087,Халат к/р большой пуговица,Хаки пуговица халат к/р,44-54,шт,Bahor - Yoz
8906,xj-3044-v4096,Халат к/р большой пуговица,Чёрный пугоивца халат к/р,44-54,шт,Bahor - Yoz
8912,XJ-3044-V4067,Халат к/р большой пуговица,Хаки пуговица халат к/р,44-54,шт,Bahor - Yoz
8913,XJ-3044-v4109,Халат к/р большой пуговица,Горох пуговица халат к/р,44-54,шт,Bahor - Yoz
8914,XJ-3044-v4110,Халат к/р большой пуговица,Роза пуговица халат к/р,44-54,шт,Bahor - Yoz
8919,xj-3044-v4090,Халат к/р большой пуговица,Оранжевый пуговица халат к/р,44-54,шт,Bahor - Yoz
8929,XJ-3111-v4085,Халат к/р большой пуговица,Оранжевый с воротником пуговица халат к/р,44-54,шт,Bahor - Yoz
8941,xj-3044-v4114,Халат к/р большой пуговица,Синий пуговица халат к/р,44-54,шт,Bahor - Yoz
8942,xj-3044-v4084,Халат к/р большой пуговица,Оранжевый пуговица халат к/р,44-54,шт,Bahor - Yoz
8944,xj-3044-v4120,Халат к/р большой пуговица,Фиолетовый пуговица халат к/р,44-54,шт,Bahor - Yoz
8949,xj-3044-v4107,Халат к/р большой пуговица,Горох пуговица халат к/р,44-54,шт,Bahor - Yoz
8955,xj-3044-V4124,Халат к/р большой пуговица,Красный пуговица халат к/р,44-54,шт,Bahor - Yoz
8962,XJ-3111-v4116,Халат к/р большой пуговица,Фиолетовый с воротником пуговица халат к/р,44-54,шт,Bahor - Yoz
8966,XJ-3044-v4108,Халат к/р большой пуговица,Роза пуговица халат к/р,44-54,шт,Bahor - Yoz
9001,xj-3044-v4128,Халат к/р большой пуговица,Роза пуговица халат к/р,44-54,шт,Bahor - Yoz
9002,xj-3044-v4149,Халат к/р большой пуговица,Зеленый Халат к/р большой пуговица,44-54,шт,Bahor - Yoz
9011,xj-3044-v4118,Халат к/р большой пуговица,Зелёный пуговица халат к/р,44-54,шт,Bahor - Yoz
9018,xj-3115-v4168,Халат к/р большой пуговица,Роза пуговица халат к/р,50-60,шт,Bahor - Yoz
9033,XJ-3115-v4167,Халат к/р большой пуговица,Малыновый пуговица халат к/р,50-60,шт,Bahor - Yoz
9046,xj-3044-v4127,Халат к/р большой пуговица,Роза пуговица халат к/р,44-54,шт,Bahor - Yoz
9054,xj-3044-v4106,Халат к/р большой пуговица,Горох пуговица халат к/р,44-54,шт,Bahor - Yoz
9056,xj-3044-v4126,Халат к/р большой пуговица,Синий Халат к/р большой пуговица,44-54,шт,Bahor - Yoz
9059,xj-3044-v4175,Халат к/р большой пуговица,Оранжевый Гранат Халат к/р большой пуговица,44-54,шт,Bahor - Yoz
9063,xj-3044-v4150,Халат к/р большой пуговица,Вишня коричневый пуговица халат к/р,44-54,шт,Bahor - Yoz
9071,xj-3044-v4201,Халат к/р большой пуговица,Коричневый Халат к/р большой пуговица,46-56,шт,Bahor - Yoz
9073,xj-3044-v4273,Халат к/р большой пуговица,Розовый Халат к/р большой пуговица,44-54,шт,Bahor - Yoz
9076,Xj-3115-v4301,Халат к/р большой пуговица,Т-синий с большой пуговица к/р халат,50-60,шт,Bahor - Yoz
9077,Xj-3115-v4300,Халат к/р большой пуговица,Жёлтый с большой пуговица к/р халат,50-60,шт,Bahor - Yoz
9080,xj-3044-v4265,Халат к/р большой пуговица,Роза пуговица халат к/р,44-54,шт,Bahor - Yoz
9093,xj-3044-v4198,Халат к/р большой пуговица,Роза пуговица халат к/р,44-54,шт,Bahor - Yoz
9098,xj-3115-v4195,Халат к/р большой пуговица,Лимон Халат к/р большой пуговица,50-60,шт,Bahor - Yoz
9104,xj-3115-v4266,Халат к/р большой пуговица,Роза пуговица халат к/р,50-60,шт,Bahor - Yoz
9117,xj-3044-v4330,Халат к/р большой пуговица,Красный с большой пуговица к/р халат,44-54,шт,Bahor - Yoz
9118,xj-3044-v4333,Халат к/р большой пуговица,Зелённый с большой пуговица к/р халат,44-54,шт,Bahor - Yoz
9124,xj-3044-v4246,Халат к/р большой пуговица,Оранжевый с большой пуговица к/р халат,44-54,шт,Bahor - Yoz
9125,xj-3116-v4223,Халат к/р большой пуговица,Оранжевый Халат к/р большой пуговица,44-54,шт,Bahor - Yoz
9134,xj-3044-v4157,Халат к/р большой пуговица,Роза пуговица халат к/р,44-54,шт,Bahor - Yoz
9135,xj-3044-v4199,Халат к/р большой пуговица,Синий вишня пуговица халат к/р,44-54,шт,Bahor - Yoz
9149,XJ-3115-v4350,Халат к/р большой пуговица,Синий пуговица халат к/р,50-60,шт,Bahor - Yoz
9150,XJ-3044-v4139,Халат к/р большой пуговица,Оранжевый пуговица халат к/р,44-54,шт,Bahor - Yoz
9157,XJ-3115-v4368,Халат к/р большой пуговица,Роза пуговица халат к/р,50-60,шт,Bahor - Yoz
9158,xj-3044-v4176,Халат к/р большой пуговица,Роза пуговица халат к/р,44-54,шт,Bahor - Yoz
8664,Xj-3105-v3855,Халат-запах-3/4,Т-синий горох 3/4 халат,48-58,шт,Bahor - Yoz
8730,Xj-3105-v3807,Халат-запах-3/4,Т-синий горох 3/4 халат,48-58,шт,Bahor - Yoz
8759,Xj-3105-v3867,Халат-запах-3/4,Оранжевый 3/4 запах халат,48-58,шт,Bahor - Yoz
8073,Xj-3083-v3064,Халат-запах-к/р,С пояс халат к/р,44-54,шт,Kuz - Qish
8074,Xj-3083-v3062,Халат-запах-к/р,Коричневый халат к/р,44-54,шт,Kuz - Qish
8090,Xj-3083-v3063,Халат-запах-к/р,Голубой халат к/р,44-54,шт,Bahor - Yoz
8100,XJ-3083-v3065,Халат-запах-к/р,Роза халат к/р,44-54,шт,Bahor - Yoz
8187,xj-3083-v3221,Халат-запах-к/р,Красный халат к/р,44-54,шт,Bahor - Yoz
8207,Xj-3083-v3281,Халат-запах-к/р,Жёлтый халат к/р,44-54,шт,Bahor - Yoz
8208,Xj-3083-v3282,Халат-запах-к/р,Оранжевый Халат к/р,44-54,шт,Bahor - Yoz
8215,XJ-3083-v3286,Халат-запах-к/р,Чёрный халат к/р,44-54,шт,Bahor - Yoz
8233,XJ-3083-v3315,Халат-запах-к/р,Голубой халат к/р,44-54,шт,Bahor - Yoz
8259,xj-3083-v3285,Халат-запах-к/р,ЗЕлёный халат к/р,44-54,шт,Bahor - Yoz
8367,XJ-3083-v3430,Халат-запах-к/р,Роза запах Халат к/р,44-54,шт,Bahor - Yoz
8399,XJ-3083-v3440,Халат-запах-к/р,Оранжевый халат к/р,44-54,шт,Bahor - Yoz
8415,XJ-3083-v3465,Халат-запах-к/р,Роза халат к/р,44-54,шт,Bahor - Yoz
8420,XJ-3083-v3439,Халат-запах-к/р,Роза запах халат к/р,44-54,шт,Bahor - Yoz
8481,Xj-3083-v3555,Халат-запах-к/р,Красный к/р халат,44-54,шт,Bahor - Yoz
8525,Xj-3083-v3689,Халат-запах-к/р,Зелённый к/р халат,44-54,шт,Bahor - Yoz
8663,Xj-3083-v3805,Халат-запах-к/р,Т-синий Горох к/р халат,44-54,шт,Bahor - Yoz
8737,xj-3105-v3828,Халат-запах-к/р,Синий к/р запах халат,48-58,шт,Bahor - Yoz
8747,Xj-3083-v3868,Халат-запах-к/р,Оранжевый к/р запах халат,44-54,шт,Bahor - Yoz
8788,Xj-3083-v3916,Халат-запах-к/р,Тигр запах к/р халат,44-54,шт,Bahor - Yoz
8789,Xj-3083-v3935,Халат-запах-к/р,Синий к/р запах халат,44-54,шт,Bahor - Yoz
8836,XJ-3083-v3921,Халат-запах-к/р,Малиновый запах халат к/р,44-54,шт,Bahor - Yoz
8843,XJ-3083-v3910,Халат-запах-к/р,Синий запах халат к/р,44-54,шт,Bahor - Yoz
8857,xj-3083-v4015,Халат-запах-к/р,Оранжевый запах халат к/р,44-54,шт,Bahor - Yoz
8873,xj-3083-v3909,Халат-запах-к/р,Роза запах халат к/р,44-54,шт,Bahor - Yoz
7538,HM-11504-v2330,Худи-мужской-трёхнитка,Мужской чёрный трёхнитка худи,48-56,шт,Kuz - Qish
7539,HM-11504-v2333,Худи-мужской-трёхнитка,Чёрный худи мужской трёхнитка,48-56,шт,Kuz - Qish
7569,HM-11504-v2426,Худи-мужской-трёхнитка,Т-синий Balanced трёхнитка худи,48-56,шт,Kuz - Qish
7624,HM-11505-v2535,Худи-мужской-трёхнитка,Чёрый трёхнитка капюшон,48-56,шт,Kuz - Qish
7629,HM-11501-v2332,Худи-мужской-трёхнитка,Чёрный худи мужской троёхнитка,48-56,шт,Kuz - Qish
7215,HJ-11001-v2034,Худи-трёхнитка,Салатовый худи трёхнитка женская,46-54,шт,Bahor - Yoz
7244,Hj-11001-v1972,Худи-трёхнитка,Молочный худи трёхнитка,46-54,шт,Bahor - Yoz
7403,BJ-5011-v2132,Шорты,Гуччи шорты,46-56,шт,Bahor - Yoz
7953,BJ-5019-v2649,Шорты,Гуччи шорты,44-54,шт,Bahor - Yoz
8774,Bj-5000-v3842,Шорты,Чёрный - белый штаны,46-56,шт,Bahor - Yoz
5888,BJ-5001-v568,Штаны,Луис вуттон вискон штаны,50-60,шт,Bahor - Yoz
5941,BJ-5002-v332,Штаны,Мини горох штаны,46-56,шт,Bahor - Yoz
5953,BJ-5000-v344,Штаны,Перо молочный штаны,46-56,шт,Bahor - Yoz
5996,BJ-5000-v346,Штаны,Фенди штаны,46-56,шт,Bahor - Yoz
6047,BJ-5002-v769,Штаны,Ачилдирма полоса штаны,46-56,шт,Bahor - Yoz
6111,BJ-5000-v833,Штаны,Красний клетка штаны,46-56,шт,Bahor - Yoz
6338,BJ-5005-v1132,Штаны,Мини горох штаны,46-56,шт,Bahor - Yoz
6931,BJ-5000-v1727,Штаны,Пламя чёрный штаны,46-56,шт,Bahor - Yoz
7321,BJ-5014-v2233,Штаны,Полоса белый штаны,46-56,шт,Bahor - Yoz
7368,BJ-5014-v2232,Штаны,Полоса голубой штаны,46-56,шт,Bahor - Yoz
7382,BJ-5000-v2322,Штаны,Клетка красный штаны,46-56,шт,Bahor - Yoz
7404,Bj-5000-v2130,Штаны,Гуччи штаны,46-56,шт,Bahor - Yoz
7410,BJ-5000-v2319,Штаны,Клетка красный штаны,46-56,шт,Bahor - Yoz
7525,BJ-5000-v2451,Штаны,Клетка красный штаны,46-56,шт,Bahor - Yoz
7625,BJ-5000-v2478,Штаны,Серый клетка штаны,48-56,шт,Bahor - Yoz
7705,BJ-5000-v2650,Штаны,Гуччи штаны,46-56,шт,Bahor - Yoz
7706,BJ-5000-v2651,Штаны,Гуччи штаны,46-56,шт,Bahor - Yoz
8066,BJ-5000-V3019,Штаны,Чёрный драмт штаны,46-56,шт,Bahor - Yoz
8166,Bj-5000-v3207,Штаны,Красный клетка штаны,46-56,шт,Bahor - Yoz
8470,Bj-5000-v3604,Штаны,Клетка красный штаны,46-56,шт,Bahor - Yoz
8523,Bj-5000-v3641,Штаны,Т-синий горох штаны,46-56,шт,Bahor - Yoz
8583,Bj-5000-v3247,Штаны,Мини горох штаны,46-56,шт,Bahor - Yoz
8754,Bj-5000-v3843,Штаны,Белый-серый штаны,46-56,шт,Bahor - Yoz
8757,Bj-5007-v3839,Штаны,Коричневый горох штаны,46-54,шт,Bahor - Yoz
8782,Bj-5000-v3856,Штаны,Розовый клетка штаны,46-56,шт,Bahor - Yoz
8826,BJ-5000-v3993,Штаны,Горох штаны,46-56,шт,Bahor - Yoz
8876,Bj-5027-v4039,Штаны,Горох штаны,50-60,шт,Bahor - Yoz
8927,BJ-5000-v4071,Штаны,Клетка штаны,46-56,шт,Bahor - Yoz
8978,bj-5000-v4141,Штаны,Полоса штаны,46-56,шт,Bahor - Yoz
8986,bj-5000-v4142,Штаны,Полоса штаны,46-56,шт,Bahor - Yoz
8996,BJ-5000-v4138,Штаны,Листь штаны,46-56,шт,Bahor - Yoz
9061,bj-5000-v4264,Штаны,Черный белая вышивка Штаны,46-56,шт,Bahor - Yoz
9085,BJ-5000-v4177,Штаны,Чёрный штаны,46-56,шт,Bahor - Yoz
9130,BJ-5000-v4200,Штаны,Тигр полоса штаны,46-56,шт,Bahor - Yoz
5896,BM-8001-v404,Штаны мужской,Клетка зедёный мужской штаны,48-58,шт,Bahor - Yoz
6133,BM-8001-v794,Штаны мужской,Клетка серый мужской штаны,48-58,шт,Bahor - Yoz
6140,BM-8001-v899,Штаны мужской,Клетка мужской штаны,48-58,шт,Bahor - Yoz
6183,PM-8001-v996,Штаны мужской,Клетка зелёный мужской штаны,48-58,шт,Bahor - Yoz
6266,BM-8001-v1015,Штаны мужской,Клетка зелёный мужской штаны,48-58,шт,Bahor - Yoz
6283,BM-8001-v1013,Штаны мужской,Клетка белый мужской штаны,48-58,шт,Bahor - Yoz
6383,BM-8001-v1146,Штаны мужской,Клетка бордовый мурской штаны,48-58,шт,Bahor - Yoz
8095,Bm-8001-v3116,Штаны мужской,Клетка мужской штан,48-58,шт,Kuz - Qish
8265,BM-8001-v3209,Штаны мужской,Клетка мужской штаны,48-58,шт,Bahor - Yoz
8336,BM-8001-v3423,Штаны мужской,Клетка мужской штаны,48-58,шт,Bahor - Yoz
8341,BM-8001-v3424,Штаны мужской,Клетка мужской штаны,48-58,шт,Bahor - Yoz
8378,Bm-8001-v795,Штаны мужской,Клетка зелёный мужской штаны,48-58,шт,Bahor - Yoz
8457,Bm-8001-v3583,Штаны мужской,Жёлтый клетка штаны,48-58,шт,Bahor - Yoz
8468,Bm-8001-v3581,Штаны мужской,Коричневый клетка штаны,48-58,шт,Bahor - Yoz
8471,BM-8001-v3582,Штаны мужской,Серый - жёлтый клетка мужской штаны,48-58,шт,Bahor - Yoz
8498,Bm-8001-v3644,Штаны мужской,Клетка штаны,48-58,шт,Bahor - Yoz
8524,Bm-8001-v3680,Штаны мужской,Жёлтый клетка мужской штаны,48-58,шт,Bahor - Yoz
8526,Bm-8001-v3645,Штаны мужской,Коричневый клетка мужской штаны,48-58,шт,Bahor - Yoz
8535,Bm-8001-v3664,Штаны мужской,Клетка мужской штаны,48-58,шт,Bahor - Yoz
8639,Bm-8001-v3738,Штаны мужской,Клетка мужской штаны,48-58,шт,Bahor - Yoz
8655,BM-8001-v3771,Штаны мужской,Клетка мужской штаны,48-58,шт,Bahor - Yoz
8657,Bm-8001-v3769,Штаны мужской,Зелённый клетка мужской штаны,48-58,шт,Bahor - Yoz
8659,Bm-8001-v3790,Штаны мужской,Полоса мужской штаны,48-58,шт,Bahor - Yoz
8813,BM-8001-v3859,Штаны мужской,Клетка мужской штаны,48-58,шт,Bahor - Yoz
8830,BM-8001-v3919,Штаны мужской,Клетка мурской штаны,48-58,шт,Bahor - Yoz
8921,BM-8001-v4070,Штаны мужской,Клетка Мужской штаны,48-58,шт,Bahor - Yoz
7381,BJ-5000-v2173,Штаны новогодный,Клетка красный штаны,46-56,шт,Kuz - Qish
7568,BJ-5000-v2477,Штаны новогодный,Клетка красный штаны,46-56,шт,Bahor - Yoz
7587,Bj-5000-v2476,Штаны новогодный,Клетка красный штаны,46-56,шт,Bahor - Yoz
7960,bj-5000-v2320,Штаны новогодный,Клетка красный штаны,46-56,шт,Kuz - Qish
7967,BJ-5000-v2979,Штаны новогодный,Клетка красный штаны,46-56,шт,Bahor - Yoz
7968,BJ-5000-v2980,Штаны новогодный,Клетка красный штаны,46-56,шт,Kuz - Qish
7994,BJ-5000-v2978,Штаны новогодный,Клетка т-синий штаны,46-56,шт,Bahor - Yoz
8118,BJ-5000-v3185,Штаны новогодный,Клетка красный штаны,46-56,шт,Bahor - Yoz
7678,BJ-5017-v2675,Штаны-ангорка,Красный ангорка,46-54,шт,Bahor - Yoz
7724,BJ-5017-v2676,Штаны-ангорка,Серый ангорка,46-54,шт,Kuz - Qish
7733,BJ-5017-v2674,Штаны-ангорка,Голубой ангорка штаны,46-56,шт,Kuz - Qish
7961,BJ-5022-v2998,Штаны-ангорка,Голубой ангорка штаны,44-52,шт,Bahor - Yoz
7965,BJ-5022-v2999,Штаны-ангорка,Красный ангорка штаны,44-52,шт,Bahor - Yoz
7992,BJ-5022-v3000,Штаны-ангорка,Голубой ангорка штаны,44-52,шт,Bahor - Yoz
8026,BJ-5023-v3142,Штаны-ангорка,Голубой анорка штаны,44-52,шт,Kuz - Qish
8045,BJ-5023-v3141,Штаны-ангорка,Голубой ангорка штаны,44-52,шт,Kuz - Qish
7002,bj-5006-v1576,штаны-бамбук,Т-синый бамбук штаны,46-56,шт,Bahor - Yoz
7003,bj-5006-v1575,штаны-бамбук,Чёрный бамбук штаны,46-56,шт,Bahor - Yoz
7390,Bj-5006-v2350,штаны-бамбук,Фиолетовый бамбук штаны,46-56,шт,Kuz - Qish
8260,BJ-5006-v3292,штаны-бамбук,Мор бамбук штаны,46-56,шт,Kuz - Qish
6038,BJ-5004-v252,Штаны-вискон,Горох вискон штаны,50-60,шт,Bahor - Yoz
6128,BJ-5003-v788,Штаны-вискон,Элект вискон штаны,46-56,шт,Bahor - Yoz
6161,BJ-5003-v788,Штаны-вискон,Коричневый вискон штаны,46-56,шт,Bahor - Yoz
6736,BJ-5004-v1482,Штаны-вискон,Лист чёрный вискон штаны,50-60,шт,Bahor - Yoz
6749,bJ-5004-V1507,Штаны-вискон,Горох вискон штаны,50-60,шт,Bahor - Yoz
6779,BJ-5004-v1509,Штаны-вискон,Горох жёлтый вискон штаны,50-60,шт,Bahor - Yoz
6819,BJ-5003-v789,Штаны-вискон,Коричневый вискон штаны,46-56,шт,Bahor - Yoz
6876,BJ-5004-v258,Штаны-вискон,Мини горох вискон штаны,50-60,шт,Bahor - Yoz
6884,BJ-5004-v1757,Штаны-вискон,Диор вискон штаны,50-60,шт,Bahor - Yoz
6902,BJ-5004-v1508,Штаны-вискон,Сердечка вискон штаны,50-60,шт,Bahor - Yoz
6903,BJ-5004-v260,Штаны-вискон,Гуччи вискон штаны,50-60,шт,Bahor - Yoz
6930,BJ-5004-v1759,Штаны-вискон,Квадрат вискон штаны,50-60,шт,Bahor - Yoz
6961,BJ-5004-v1758,Штаны-вискон,Гуччи вискон штаны,50-60,шт,Bahor - Yoz
7112,BJ-5004-v564,Штаны-вискон,Бабочка вискон штаны,50-60,шт,Bahor - Yoz
7269,bj-5004-v1877,Штаны-вискон,Сердечка вискон штаны,50-60,шт,Bahor - Yoz
8160,BJ-5024-v3152,Штаны-вискон,Клетка красный вискон штаны,46-56,шт,Bahor - Yoz
8180,Bj-5024-v3149,Штаны-вискон,Жёлтый клетка вискон штаны,46-56,шт,Bahor - Yoz
8191,Bj-5024-v3151,Штаны-вискон,Клетка Вискон штаны,46-56,шт,Bahor - Yoz
8197,BJ-5024-v3150,Штаны-вискон,Клетка вискон штаны,46-56,шт,Bahor - Yoz
8227,BJ-5024-v3153,Штаны-вискон,Клетка вискон штаны,46-56,шт,Bahor - Yoz
8808,Bj-5027-v3891,Штаны-вискон,Мини горох чёрный  вискон штаны,50-60,шт,Bahor - Yoz
8809,Bj-5027-v3890,Штаны-вискон,Горох чёрный вискон штаны,50-60,шт,Bahor - Yoz
8868,bj-5027-v4040,Штаны-вискон,Горох вискон штаны,50-60,шт,Bahor - Yoz
8875,bj-5027-v4041,Штаны-вискон,Горох хаки вискон штаны,50-60,шт,Bahor - Yoz
8889,bj-5027-v4047,Штаны-вискон,Мини горох вискон штаны,50-60,шт,Bahor - Yoz
8902,bj-5027-v4042,Штаны-вискон,Горох вискон штаны,50-60,шт,Bahor - Yoz
8915,BJ-5027-v4044,Штаны-вискон,Горох вискон штаны,50-60,шт,Bahor - Yoz
8916,bj-5027-v4058,Штаны-вискон,Вискон штаны,50-60,шт,Bahor - Yoz
8961,BJ-5027-v4038,Штаны-вискон,Горох вискон штаны,50-60,шт,Bahor - Yoz
8967,bj-5027-v4046,Штаны-вискон,Горох вискон штаны,50-60,шт,Bahor - Yoz
8979,BJ-5027-v4043,Штаны-вискон,Горох вискон штаны,46-56,шт,Bahor - Yoz
7180,BJ-5009-v1944,Штаны-двухнитка,Серый двухнитка штаны,44-54,шт,Bahor - Yoz
7181,BJ-5009-v1943,Штаны-двухнитка,Молочный двухнитка штаны,44-54,шт,Bahor - Yoz
7184,BJ-5009-v2068,Штаны-двухнитка,Чёрный двухнитка штаны,48-58,шт,Bahor - Yoz
7196,BJ-5009-v1942,Штаны-двухнитка,Двухнитка серый штаны,44-54,шт,Bahor - Yoz
7279,BJ-5009-v1941,Штаны-двухнитка,Розовый дувхнитка штаны,44-54,шт,Bahor - Yoz
7985,BJ-5020-v3002,Штаны-двухнитка,Мор двухнитка штаны,46-54,шт,Bahor - Yoz
8004,BJ-5020-v3003,Штаны-двухнитка,Т-синий лайкра штаны,46-54,шт,Bahor - Yoz
8029,BJ-5020-v3001,Штаны-двухнитка,Серый лайкра штаны,46-54,шт,Bahor - Yoz
8094,Bj-5020-v3020,Штаны-двухнитка,Чёрный лайкра штаны,46-54,шт,Bahor - Yoz
8217,BJ-5021-v2989,Штаны-двухнитка,Красный двухнитка штаны,46-54,шт,Bahor - Yoz
8218,BJ-5021-v2988,Штаны-двухнитка,Коричневый двухнитка штаны,46-54,шт,Kuz - Qish
8236,BJ-5020-v3216,Штаны-двухнитка,Бордовый двухнитка штаны,46-54,шт,Kuz - Qish
7039,BJ-5007-v1769,Штаны-лайкра,Серый лайкра штаны,46-54,шт,Bahor - Yoz
7063,BJ-5007-v1890,Штаны-лайкра,Чёрный лайкра штаны,46-54,шт,Bahor - Yoz
7101,BJ-5008-v1770,Штаны-лайкра,Серый лайкра штаны,56-64,шт,Bahor - Yoz
7102,BJ-5007-v1849,Штаны-лайкра,Звёздичка лайкра штаны,46-54,шт,Bahor - Yoz
7115,BJ-5008-v1841,Штаны-лайкра,Серый лайкра штаны,56-64,шт,Bahor - Yoz
7167,BJ-5008-v2011,Штаны-лайкра,Т-синий роза лайкра штаны,56-64,шт,Bahor - Yoz
7232,BJ-5007-v1960,Штаны-лайкра,Сердечка розовый лайкра штаны,46-54,шт,Bahor - Yoz
7262,BJ-5007-v1996,Штаны-лайкра,Звёздичка лайкра штаны,46-54,шт,Bahor - Yoz
7272,BJ-5007-v2010,Штаны-лайкра,Роза синий лайкра штаны,46-54,шт,Bahor - Yoz
7273,BJ-5007-v1840,Штаны-лайкра,Серый лайкра штаны,46-54,шт,Bahor - Yoz
7301,BJ-5008-v2236,Штаны-лайкра,Чёрный сердечка лайкра штаны,56-64,шт,Bahor - Yoz
7302,bj-5007-v2235,Штаны-лайкра,Чёрный сердечка лайкра штань,46-54,шт,Bahor - Yoz
7320,BJ-5007-v2227,Штаны-лайкра,Поза т-синий лайкра штаны,46-54,шт,Bahor - Yoz
7359,bj-5008-v2230,Штаны-лайкра,Т-синий роза лайкра штаны,56-64,шт,Bahor - Yoz
7372,BJ-5008-v2146,Штаны-лайкра,Кисс т-синий лайкра штаны,56-64,шт,Bahor - Yoz
7396,BJ-5007-v2229,Штаны-лайкра,Роза штаны лайкра,46-54,шт,Bahor - Yoz
7397,BJ-5007-v2147,Штаны-лайкра,Кисс лайкра штаны,46-54,шт,Bahor - Yoz
7432,Bj-5008-v2231,Штаны-лайкра,Кисс т-синий лайкра штаны,56-64,шт,Bahor - Yoz
7433,BJ-5007-v2262,Штаны-лайкра,Кисс серый лайкра штаны,46-54,шт,Bahor - Yoz
7437,BJ-5008-v2392,Штаны-лайкра,Серый лайкра штаны,56-64,шт,Bahor - Yoz
7449,bj-5008-v2264,Штаны-лайкра,Серый кисс лайкра штаны,56-64,шт,Bahor - Yoz
7453,BJ-5007-v2391,Штаны-лайкра,Серый лафкра штаны,46-54,шт,Bahor - Yoz
7454,BJ-5007-v2387,Штаны-лайкра,Серый роза лайкра штаны,46-54,шт,Bahor - Yoz
7466,BJ-5008-v2390,Штаны-лайкра,Роза серый штаны лайкра,56-64,шт,Bahor - Yoz
7479,BJ-5008-v2289,Штаны-лайкра,Сердечка лайкра штаны,56-64,шт,Bahor - Yoz
7480,BJ-5007-v2288,Штаны-лайкра,Сердечка лайкра штаны,46-54,шт,Bahor - Yoz
7496,Bj-5008-v2389,Штаны-лайкра,Роза чёрный лайкра штаны,56-64,шт,Bahor - Yoz
7547,BJ-5007-v2388,Штаны-лайкра,Роза лайкра штаны,46-54,шт,Bahor - Yoz
7677,BJ-5008-v2625,Штаны-лайкра,Мини горох штаны,56-64,шт,Bahor - Yoz
7696,BJ-5007-v2624,Штаны-лайкра,Мини горох штаны,46-54,шт,Bahor - Yoz
8104,BJ-5007-v3168,Штаны-лайкра,Бордовый лайкра штаны,46-54,шт,Bahor - Yoz
8131,BJ-5007-v3169,Штаны-лайкра,Полоса лайкра штаны,46-54,шт,Bahor - Yoz
8132,BJ-5007-v3167,Штаны-лайкра,Полоса чёрный лайкра штаны,46-54,шт,Bahor - Yoz
8204,Bj-5007-v3250,Штаны-лайкра,Т-синий с снежинка штаны,46-54,шт,Bahor - Yoz
8210,Bj-5008-v3246,Штаны-лайкра,Чёрный Штаны,56-64,шт,Bahor - Yoz
8213,Bj-5008-v3245,Штаны-лайкра,Т-синий Штаны,56-64,шт,Bahor - Yoz
8234,BJ-5008-v3287,Штаны-лайкра,Бордовый лайкра штаны,56-64,шт,Bahor - Yoz
8284,BJ-5007-v3391,Штаны-лайкра,Серый лафйкра штаны,44-54,шт,Bahor - Yoz
8376,BJ-5007-v3443,Штаны-лайкра,Горох хаки лайкра штаны,46-54,шт,Bahor - Yoz
8407,BJ-5007-v3444,Штаны-лайкра,Горох лайкра штаны,46-54,шт,Bahor - Yoz
8418,BJ-5008-v3445,Штаны-лайкра,Серый лайкра штаны,56-64,шт,Bahor - Yoz
8438,Bj-5008-v3505,Штаны-лайкра,Коричневый штаны,56-64,шт,Bahor - Yoz
8441,Bj-5007-v3504,Штаны-лайкра,Коричневый штаны,46-54,шт,Bahor - Yoz
8606,Bj-5007-v3731,Штаны-лайкра,Горох штаны,46-54,шт,Bahor - Yoz
8611,Bj-5007-v3732,Штаны-лайкра,Фиолетвый горох штаны,46-56,шт,Bahor - Yoz
7630,BJ-5016-v2565,Штаны-супперсофт,Клетка красный супперсофт штаны,46-56,шт,Kuz - Qish
7631,BJ-5016-v2567,Штаны-супперсофт,Тигр супперсофт штаны,46-56,шт,Kuz - Qish
7632,BJ-5016-v2566,Штаны-супперсофт,Фенди супперсофт штаны,46-56,шт,Kuz - Qish
7691,BJ-5015-v2220,Штаны-супперсофт,Т-синий штаны бамбук,46-56,шт,Kuz - Qish
7692,BJ-5015-v2221,Штаны-супперсофт,Молочный бамбук штаны,46-56,шт,Kuz - Qish
7693,BJ-5015-v2643,Штаны-супперсофт,Чёрный бамбук штаны,46-56,шт,Kuz - Qish
7707,BJ-5015-v2223,Штаны-супперсофт,Изумруд бамбук штаны,46-56,шт,Kuz - Qish
7773,BJ-5016-v2568,Штаны-супперсофт,Красный клетка супперсофт,46-56,шт,Kuz - Qish
7200,BJ-5010-v2035,Штаны-трёхнитка,Салатовый трёхнитка штаны,46-54,шт,Bahor - Yoz
7223,BJ-5010-v1971,Штаны-трёхнитка,Молочный трёхнитка штаны,46-54,шт,Kuz - Qish
7384,BJ-5012-v2240,Штаны-трёхнитка,Салатовый трёхнитка штаны,46-54,шт,Kuz - Qish
7385,BJ-5012-v2238,Штаны-трёхнитка,Малиновый трёхнитка штаны,46-54,шт,Kuz - Qish
7425,BJ-5012-v2237,Штаны-трёхнитка,Фиолетовый трёхнитка штаны,46-54,шт,Kuz - Qish
7445,BJ-5012-v2239,Штаны-трёхнитка,Зелёный трёхнитка штаны,46-54,шт,Kuz - Qish
7446,BJ-5012-v2214,Штаны-трёхнитка,Молочный трёхнитка штаны,46-54,шт,Kuz - Qish
7715,BJ-5018-v2683,Штаны-трёхнитка,Молочнвый трёхнитка штаны,46-54,шт,Kuz - Qish
7716,BJ-5018-v2685,Штаны-трёхнитка,Салатовый трёхнитка штаны,46-54,шт,Kuz - Qish
7717,BJ-5018-v2684,Штаны-трёхнитка,Малиновый ирёхнитка штаны,46-54,шт,Kuz - Qish
7761,BM-8006-v2499,Штаны-трёхнитка-мужской,Чёрный трёхнитка мужской штаны,48-56,шт,Kuz - Qish
8139,BM-8009-v3048,Штаны-трёхнитка-мужской,Чёрный мужской трёхнитка штаны,48-56,шт,Bahor - Yoz
5871,BJ-5001-v484,Штаны-штапель,Шарик т-синий штапель штаны,46-56,шт,Bahor - Yoz
5893,BJ-5001-v566,Штаны-штапель,Листь штапель штаны,46-56,шт,Bahor - Yoz
5904,BJ-5001-v570,Штаны-штапель,Квадрат т-синий штапель штаны,46-56,шт,Bahor - Yoz
5915,BJ-5001-v514,Штаны-штапель,Горох штапель штаны,46-56,шт,Bahor - Yoz
5955,BJ-5001-v518,Штаны-штапель,Горох штапель штаны,46-56,шт,Bahor - Yoz
5986,BJ-5001-v522,Штаны-штапель,Квадрат белый штапель штаны,46-56,шт,Bahor - Yoz
5988,BJ-5001-v520,Штаны-штапель,Инфинитий белый штапель штаны,46-56,шт,Bahor - Yoz
5989,BJ-5001-v516,Штаны-штапель,Горох штапель штаны,46-56,шт,Bahor - Yoz
6008,BJ-5001-v524,Штаны-штапель,Ромашка т-синий штапель штаны,46-56,шт,Bahor - Yoz
6011,BJ-5001-v526,Штаны-штапель,Краб т-синий штапель штаны,46-56,шт,Bahor - Yoz
6028,BJ-5001-v763,Штаны-штапель,Листь т-синий штапель штаны,46-56,шт,Bahor - Yoz
6029,BJ-5001-v785,Штаны-штапель,Листь хаки штапель штаны,46-56,шт,Bahor - Yoz
6031,BJ-5001-v744,Штаны-штапель,Драст т-синий штапель штаны,46-56,шт,Bahor - Yoz
6053,BJ-5001-v742,Штаны-штапель,Драст електр штапель штаны,46-56,шт,Bahor - Yoz
6059,BJ-5001-v740,Штаны-штапель,Драст горчичный штапель штаны,46-56,шт,Bahor - Yoz
6067,BJ-5001-v738,Штаны-штапель,Драст бордовый штапель штаны,46-56,шт,Bahor - Yoz
6684,PJ-1041-v1314,Штапель пижама,Фиолетовый футболка супрем штаны штапель,46-56,шт,Bahor - Yoz
6349,XJ-3043-v1079,Штапель халат,Мини роза серый с воротником штапель халат к/р,46-54,шт,Bahor - Yoz
6412,XJ-3043-v1080,Штапель халат,Роза молочный с воротником пуговица штапель халат,46-54,шт,Bahor - Yoz
6414,XJ-3043-v1109,Штапель халат,Роза серый с воротником пуговица штапель халат,46-54,шт,Bahor - Yoz
6420,XJ-3043-v1108,Штапель халат,Роза синий с воротником пуговица штапель халат,46-54,шт,Bahor - Yoz
6763,XJ-3018-v1381,Штапель халат,Роза молочный пуговица штапель халат,56-66,шт,Bahor - Yoz
7010,MR-12001-v1513,Штапель-мужской-рубашка,Чёрный с воротником мужской рубашка,48-56,шт,Bahor - Yoz
7011,MR-12001-v1512,Штапель-мужской-рубашка,Серый с воротником мужской  штапель рубашка,48-56,шт,Bahor - Yoz
7012,MR-12001-v1517,Штапель-мужской-рубашка,Мятный с воротником мужской штапель рубашка,48-56,шт,Bahor - Yoz
7013,MR-12001-v1516,Штапель-мужской-рубашка,Бирюзовый с воротником мужской штапель рубашка,48-56,шт,Bahor - Yoz
7017,MR-12001-v1514,Штапель-мужской-рубашка,Молочный с воротниокм штапель мужской рубашка,48-56,шт,Bahor - Yoz
7018,MR-12001-v1515,Штапель-мужской-рубашка,Т-молочный с воротником мужской штапель рубашка,48-56,шт,Bahor - Yoz
6014,PJ-1033-v612,Штапель-пижама,Горчичный квадрат с воротником штапель пижама к/р,46-56,шт,Bahor - Yoz
6015,PJ-1033-v618,Штапель-пижама,Квадрат жёлтый с воротником штапель пижама к/р,46-56,шт,Bahor - Yoz
6016,PJ-1033-v614,Штапель-пижама,Квадрат оранжевый с воротником штапель пижама к/р,46-56,шт,Bahor - Yoz
6032,PJ-1016V-v1,Штапель-пижама,Молочный пуговица штапель пижама к/р,46-56,шт,Bahor - Yoz
6076,PJ-1033-v624,Штапель-пижама,Зелёный с воротником штапель пижама к/р,46-56,шт,Bahor - Yoz
6077,PJ-1033-v616,Штапель-пижама,Розовый квадрат с воротником пижама штапел к/р,46-56,шт,Bahor - Yoz
6078,PJ-1033-v622,Штапель-пижама,Голубой полоса с воротником штапель пижама к/р,46-56,шт,Bahor - Yoz
6079,PJ-1033-v620,Штапель-пижама,Бордовый клетка с воротником штапель пижама к/р,46-56,шт,Bahor - Yoz
6279,PJ-1016-v974,Штапель-пижама,Листь салатовый пуговица штапель пижама к/р,46-56,шт,Bahor - Yoz
6292,Pj-1016-v973,Штапель-пижама,Жёлтый пуговица штапель пижама к/р,46-56,шт,Bahor - Yoz
6300,PJ-1016-v976,Штапель-пижама,Зелёный листь пуговциа штапель пижама к/р,46-56,шт,Bahor - Yoz
6303,PJ-1016-v971,Штапель-пижама,Чёрный листь пуговциа пижама штапель,46-56,шт,Bahor - Yoz
6357,PJ-1016-v975,Штапель-пижама,Листь розовый пуговица пижама штапель,46-56,шт,Bahor - Yoz
6387,PJ-1016-v972,Штапель-пижама,Оранжевый листь пуговица шатпель пижама,46-56,шт,Bahor - Yoz
6413,Pj-1016-v1098,Штапель-пижама,Инфинитий синий пуговица штапель пижама,46-56,шт,Bahor - Yoz
6415,Pj-1016-v1099,Штапель-пижама,Инфинитий пуговица штапель пижама к/р,46-56,шт,Bahor - Yoz
6416,PJ-1016-v1097,Штапель-пижама,Инфинитий горчичный пуговица штапель пиджама к/р,46-56,шт,Bahor - Yoz
6443,Pj-1016-v1100,Штапель-пижама,Пламя пуговица штапель пижама к/р,46-56,шт,Bahor - Yoz
6482,Pj-1016-v1164,Штапель-пижама,Полоса чёрный пуговица штапель пижама,46-56,шт,Bahor - Yoz
6492,PJ-1016-v1101,Штапель-пижама,Ифинитий горчичный пуговица штапель пижама,46-56,шт,Bahor - Yoz
6495,Pj-1016-v1160,Штапель-пижама,Полоса персик штапель пижама,46-56,шт,Bahor - Yoz
6529,Pj-1016-v1161,Штапель-пижама,Пооса розовый пуговица штапель пижама,46-56,шт,Bahor - Yoz
6562,PJ-1016-v1163,Штапель-пижама,Полоса розовый пуговица штапель пижама,46-56,шт,Bahor - Yoz
6710,PJ-1016-v1162,Штапель-пижама,Жёлтый полоса штапель пижама,46-56,шт,Bahor - Yoz
7014,KJ-13001-v1618,Штапель-пижама-воротником-д/р,Малыновый с воротником рубашка шатпель д/р,44-52,шт,Bahor - Yoz
7015,KJ-13001-v1619,Штапель-пижама-воротником-д/р,Мятный с воротником штапель рубашка д/р,44-52,шт,Bahor - Yoz
7016,KJ-13001-v1617,Штапель-пижама-воротником-д/р,Кофейный с воротником рубашка штапель д/р,44-52,шт,Bahor - Yoz
7019,KJ-13001-v1634,Штапель-пижама-воротником-д/р,Молочный с воротником женская рубашка д/р,44-52,шт,Bahor - Yoz
7020,KJ-13001-V1615,Штапель-пижама-воротником-д/р,Салатовый с воротником штапель рубашка д/р,44-52,шт,Bahor - Yoz
7021,KJ-13001-v1616,Штапель-пижама-воротником-д/р,Молочный с воротником штапель рубашка д/р,44-52,шт,Bahor - Yoz
7373,KJ-13002-v1624,Штапель-пижама-воротником-д/р,Серый с воротником штапель рубашка штаны,44-52,шт,Bahor - Yoz
7374,KJ-13002-v1622,Штапель-пижама-воротником-д/р,Грязный с воротником штапель рубашка пижама д/р,44-52,шт,Bahor - Yoz
7398,KJ-13002-v1623,Штапель-пижама-воротником-д/р,Малиновый с воротником штапель пижама д/р,44-52,шт,Bahor - Yoz
7510,KJ-13002-v1635,Штапель-пижама-воротником-д/р,Молочный штапель пижама д/р,44-52,шт,Bahor - Yoz
7523,KJ-13002-v1621,Штапель-пижама-воротником-д/р,Молочный штапель д/р,44-52,шт,Kuz - Qish
7524,KJ-13002-v1620,Штапель-пижама-воротником-д/р,Салатовый с воротником штапель д/р,44-54,шт,Kuz - Qish
8931,XJ-3112-v4100,Штапель-халат-большой-пуговица,Горчичный штапель пуговица халат к/р,44-54,шт,Bahor - Yoz
8938,xj-3112-v4103,Штапель-халат-большой-пуговица,Оранжевый пуговица штапель халат к/р,44-54,шт,Bahor - Yoz
8939,XJ-3112-v4098,Штапель-халат-большой-пуговица,Зелёный пуговица штапель халат к/р,44-54,шт,Bahor - Yoz
8940,XJ-3112-v4099,Штапель-халат-большой-пуговица,Зелёный пуговица штапель халат к/р,44-54,шт,Bahor - Yoz
8954,XJ-3112-v4115,Штапель-халат-большой-пуговица,Горчичный пуговица штапель халат к/р,44-54,шт,Bahor - Yoz
8956,XJ-3112-v4101,Штапель-халат-большой-пуговица,Горчичный пуговица штапель халат к/р,44-54,шт,Bahor - Yoz
8969,xj-3112-v4136,Штапель-халат-большой-пуговица,Фиолетовый пугоивца штапель халат к/р,44-52,шт,Bahor - Yoz
8972,Xj-3112-v4097,Штапель-халат-большой-пуговица,Горчичный пуговица штапель халат к/р,44-54,шт,Bahor - Yoz
8973,xj-3112-v4137,Штапель-халат-большой-пуговица,Красный пуговица штапель халат к/р,44-54,шт,Bahor - Yoz
8975,xj-3112-v4147,Штапель-халат-большой-пуговица,Красный большой пуговица Штапель халат к/р,44-54,шт,Bahor - Yoz
8976,xj-3112-v4122,Штапель-халат-большой-пуговица,Оранжевый большой пуговица Штапель халат к/р,44-54,шт,Bahor - Yoz
8980,xj-3112-v4166,Штапель-халат-большой-пуговица,Ментол пуговица халат штапель к/р,44-54,шт,Bahor - Yoz
8983,XJ-3112-v4135,Штапель-халат-большой-пуговица,Розовый пуговица штапель халат к/р,44-54,шт,Bahor - Yoz
8988,xj-3112-v4133,Штапель-халат-большой-пуговица,Красный Штапель халат большой пуговица к/р,44-54,шт,Bahor - Yoz
8989,xj-3112-v4148,Штапель-халат-большой-пуговица,Зеленый Штапель халат большой пуговица к/р,44-54,шт,Bahor - Yoz
8990,xj-3112-v4162,Штапель-халат-большой-пуговица,Красный Штапель халат большой пуговица к/р,44-54,шт,Bahor - Yoz
8991,xj-3112-v4163,Штапель-халат-большой-пуговица,Красный Штапель халат большой пуговица к/р,44-54,шт,Bahor - Yoz
8998,xj-3112-v4172,Штапель-халат-большой-пуговица,Горчичный пуговица штапель халат к/р,44-54,шт,Bahor - Yoz
8999,xj-3112-v4104,Штапель-халат-большой-пуговица,Оранжевый пуговица штапель халат к/р,44-54,шт,Bahor - Yoz
9000,XJ-3112-v4186,Штапель-халат-большой-пуговица,Роза пуговица штапель халат к/р,44-54,шт,Bahor - Yoz
9003,xj-3112-v4161,Штапель-халат-большой-пуговица,Фиолетовый Штапель халат большой пуговица к/р,44-54,шт,Bahor - Yoz
9004,xj-3112-v4171,Штапель-халат-большой-пуговица,Красный Штапель халат большой пуговица к/р,44-54,шт,Bahor - Yoz
9005,xj-3112-v4207,Штапель-халат-большой-пуговица,Синий Штапель халат большой пуговица к/р,44-54,шт,Bahor - Yoz
9006,xj-3112-v4190,Штапель-халат-большой-пуговица,Ментоль пуговица штапель халат к/р,44-54,шт,Bahor - Yoz
9014,xj-3112-v4196,Штапель-халат-большой-пуговица,Синий пуговица штапель халат к/р,44-54,шт,Bahor - Yoz
9015,xj-3112-v4203,Штапель-халат-большой-пуговица,Роза пуговица штапел халат к/р,44-54,шт,Bahor - Yoz
9016,xj-3112-v4219,Штапель-халат-большой-пуговица,Роза пуговица штапелъ халат к/р,44-54,шт,Bahor - Yoz
9017,xj-3112-v4212,Штапель-халат-большой-пуговица,Оранжевый пуговица штапель халат к/р,44-54,шт,Bahor - Yoz
9022,Xj-3112-v4158,Штапель-халат-большой-пуговица,Роза пуговица штапель халат к/р,44-54,шт,Bahor - Yoz
9023,xj-3112-v4205,Штапель-халат-большой-пуговица,Роза пуговица шатпель халат к/р,44-54,шт,Bahor - Yoz
9024,xj-3112-v4216,Штапель-халат-большой-пуговица,Оранжевый пугица штапель халат к/р,44-54,шт,Bahor - Yoz
9025,xj-3112-v4260,Штапель-халат-большой-пуговица,Роза  пуговица штапель халат к/р,44-54,шт,Bahor - Yoz
9035,xj-3112-v4189,Штапель-халат-большой-пуговица,Роза пуговица штапель халат к/р,44-54,шт,Bahor - Yoz
9036,xj-3112-v4197,Штапель-халат-большой-пуговица,Роза пуговица штапель халат к/р,44-54,шт,Bahor - Yoz
9037,xj-3112-v4263,Штапель-халат-большой-пуговица,Роза пуговица штапель халат к/р,44-54,шт,Bahor - Yoz
9038,xj-3112-v4169,Штапель-халат-большой-пуговица,Роза пуговица штапель халат к/р,44-54,шт,Bahor - Yoz
9039,xj-3112-v4170,Штапель-халат-большой-пуговица,Роза пуговица штапель халат к/р,44-54,шт,Bahor - Yoz
9040,xj-3112-v4215,Штапель-халат-большой-пуговица,Роза пуговица штапель халат к/р,44-54,шт,Bahor - Yoz
9041,xj-3112-v4218,Штапель-халат-большой-пуговица,Роза пуговица штапель халат к/р,44-54,шт,Bahor - Yoz
9042,xj-3112-v4249,Штапель-халат-большой-пуговица,Роза пуговица штапель халат к/р,44-54,шт,Bahor - Yoz
9051,xj-3112-v4187,Штапель-халат-большой-пуговица,Синий Штапель халат большой пуговица к/р,44-54,шт,Bahor - Yoz
9055,xj-3112-v4274,Штапель-халат-большой-пуговица,Розовый Штапель халат большой пуговица к/р,44-54,шт,Bahor - Yoz
9057,xj-3112-v4290,Штапель-халат-большой-пуговица,Оранжевый Штапель халат большой пуговица,44-54,шт,Bahor - Yoz
9060,xj-3112-v4285,Штапель-халат-большой-пуговица,Оранжевый Штапель халат большой пуговица к/р,44-54,шт,Bahor - Yoz
9064,xj-3112-v4210,Штапель-халат-большой-пуговица,Красный пуговица штапель халат к/р,44-54,шт,Bahor - Yoz
9065,xj-3112-v4261,Штапель-халат-большой-пуговица,Красный пуговица штапель халат к/р,44-54,шт,Bahor - Yoz
9066,xj-3112-v4297,Штапель-халат-большой-пуговица,Желтый пуговица штапель халат к/р,44-54,шт,Bahor - Yoz
9067,xj-3112-v4311,Штапель-халат-большой-пуговица,Оранжевый пуговица штапель халат к/р,44-54,шт,Bahor - Yoz
9070,xj-3112-v4296,Штапель-халат-большой-пуговица,Красный Штапель халат большой пуговица к/р,44-54,шт,Bahor - Yoz
9089,xj-3112-v4211,Штапель-халат-большой-пуговица,Розовый пуговица халат штапель к/р,44-54,шт,Bahor - Yoz
9090,xj-3112-v4185,Штапель-халат-большой-пуговица,Оранжевый Штапель халат большой пуговица к/р,44-54,шт,Bahor - Yoz
9091,xj-3112-v4220,Штапель-халат-большой-пуговица,Желтый Штапель халат большой пуговица к/р,44-54,шт,Bahor - Yoz
9096,xj-3112-v4184,Штапель-халат-большой-пуговица,Зеленый Штапель халат большой пуговица к/р,44-54,шт,Bahor - Yoz
9097,xj-3112-v4146,Штапель-халат-большой-пуговица,Cиний Штапель халат большой пуговица к/р,44-54,шт,Bahor - Yoz
9112,xj-3112-v4159,Штапель-халат-большой-пуговица,Pозовый штапель пуговица халат к/р,44-54,шт,Bahor - Yoz
9123,Xj-3112-v4344,Штапель-халат-большой-пуговица,Красный с большой пуговица штапель халат,44-54,шт,Bahor - Yoz
9133,XJ-3112-v4262,Штапель-халат-большой-пуговица,Роза пуговица штапель халат к/р,44-54,шт,Bahor - Yoz
9156,xj-3112-v4281,Штапель-халат-большой-пуговица,Роза пуговица штапель халат к/р,44-54,шт,Bahor - Yoz
